2023-12-16 16:05:52.155670,/muse/gyro,-0.4486083984375,0.411224365234375,7.1478271484375
2023-12-16 16:05:52.156670,/muse/gyro,1.517791748046875,0.695343017578125,4.329071044921875
2023-12-16 16:05:52.156670,/muse/gyro,0.859832763671875,0.59814453125,5.375823974609375
2023-12-16 16:05:52.167692,/muse/gyro,1.45050048828125,0.456085205078125,3.289794921875
2023-12-16 16:05:52.167692,/muse/gyro,1.532745361328125,0.381317138671875,3.327178955078125
2023-12-16 16:05:52.167692,/muse/gyro,1.6748046875,0.635528564453125,3.297271728515625
2023-12-16 16:05:52.174236,/muse/gyro,1.891632080078125,0.755157470703125,3.491668701171875
2023-12-16 16:05:52.174236,/muse/gyro,1.5850830078125,0.7177734375,2.923431396484375
2023-12-16 16:05:52.174953,/muse/gyro,1.472930908203125,0.605621337890625,3.357086181640625
2023-12-16 16:05:52.177953,/muse/gyro,1.697235107421875,0.650482177734375,2.4224853515625
2023-12-16 16:05:52.177953,/muse/gyro,1.831817626953125,0.28411865234375,1.039276123046875
2023-12-16 16:05:52.178954,/muse/gyro,1.891632080078125,0.4486083984375,1.6748046875
2023-12-16 16:05:52.183000,/muse/gyro,2.093505859375,0.336456298828125,1.33087158203125
2023-12-16 16:05:52.183000,/muse/gyro,2.5421142578125,0.755157470703125,2.669219970703125
2023-12-16 16:05:52.183000,/muse/gyro,2.7813720703125,0.800018310546875,2.1533203125
2023-12-16 16:05:52.249841,/muse/gyro,2.250518798828125,0.456085205078125,3.050537109375
2023-12-16 16:05:52.249841,/muse/gyro,2.205657958984375,0.052337646484375,3.267364501953125
2023-12-16 16:05:52.249841,/muse/gyro,2.130889892578125,0.1495361328125,3.03558349609375
2023-12-16 16:05:52.290990,/muse/gyro,2.444915771484375,0.49346923828125,2.848663330078125
2023-12-16 16:05:52.290990,/muse/gyro,2.27294921875,0.777587890625,2.37762451171875
2023-12-16 16:05:52.291995,/muse/gyro,2.28790283203125,0.261688232421875,2.998199462890625
2023-12-16 16:05:52.354779,/muse/gyro,2.400054931640625,0.994415283203125,1.786956787109375
2023-12-16 16:05:52.354779,/muse/gyro,2.639312744140625,0.94207763671875,1.89910888671875
2023-12-16 16:05:52.354779,/muse/gyro,2.534637451171875,0.91217041015625,1.742095947265625
2023-12-16 16:05:52.397261,/muse/gyro,2.519683837890625,1.016845703125,1.981353759765625
2023-12-16 16:05:52.397954,/muse/gyro,2.280426025390625,0.874786376953125,1.8841552734375
2023-12-16 16:05:52.397954,/muse/gyro,2.58697509765625,0.785064697265625,2.13836669921875
2023-12-16 16:05:52.488644,/muse/gyro,2.444915771484375,-0.037384033203125,2.250518798828125
2023-12-16 16:05:52.488644,/muse/gyro,2.415008544921875,0.1495361328125,2.130889892578125
2023-12-16 16:05:52.488644,/muse/gyro,2.429962158203125,-0.261688232421875,2.041168212890625
2023-12-16 16:05:52.526655,/muse/gyro,2.175750732421875,-0.964508056640625,1.57012939453125
2023-12-16 16:05:52.526655,/muse/gyro,2.13836669921875,-0.590667724609375,1.697235107421875
2023-12-16 16:05:52.527655,/muse/gyro,2.220611572265625,-0.85235595703125,1.757049560546875
2023-12-16 16:05:52.569640,/muse/gyro,2.220611572265625,-1.173858642578125,1.1663818359375
2023-12-16 16:05:52.569640,/muse/gyro,1.981353759765625,-0.575714111328125,0.949554443359375
2023-12-16 16:05:52.569640,/muse/gyro,1.966400146484375,-0.171966552734375,0.777587890625
2023-12-16 16:05:52.634754,/muse/gyro,2.310333251953125,0.127105712890625,0.680389404296875
2023-12-16 16:05:52.634754,/muse/gyro,2.504730224609375,-0.10467529296875,0.515899658203125
2023-12-16 16:05:52.634754,/muse/gyro,2.930908203125,-0.35888671875,0.478515625
2023-12-16 16:05:52.699682,/muse/gyro,3.058013916015625,-0.6878662109375,0.665435791015625
2023-12-16 16:05:52.700680,/muse/gyro,1.8841552734375,-0.40374755859375,1.143951416015625
2023-12-16 16:05:52.700680,/muse/gyro,2.55706787109375,-0.83740234375,1.0467529296875
2023-12-16 16:05:52.761742,/muse/gyro,1.592559814453125,0.396270751953125,1.099090576171875
2023-12-16 16:05:52.761742,/muse/gyro,1.667327880859375,0.007476806640625,1.09161376953125
2023-12-16 16:05:52.761742,/muse/gyro,2.041168212890625,0.11962890625,1.18133544921875
2023-12-16 16:05:52.826840,/muse/gyro,2.175750732421875,-0.022430419921875,1.2860107421875
2023-12-16 16:05:52.827841,/muse/gyro,2.415008544921875,-0.097198486328125,1.368255615234375
2023-12-16 16:05:52.827841,/muse/gyro,2.03369140625,-0.246734619140625,1.248626708984375
2023-12-16 16:05:52.868636,/muse/gyro,2.474822998046875,0.052337646484375,2.071075439453125
2023-12-16 16:05:52.868636,/muse/gyro,2.714080810546875,0.11962890625,2.213134765625
2023-12-16 16:05:52.868636,/muse/gyro,2.093505859375,0.01495361328125,1.5252685546875
2023-12-16 16:05:52.935911,/muse/gyro,2.878570556640625,-0.2691650390625,1.8841552734375
2023-12-16 16:05:52.936909,/muse/gyro,3.357086181640625,-0.411224365234375,2.669219970703125
2023-12-16 16:05:52.936909,/muse/gyro,3.222503662109375,-0.2093505859375,2.332763671875
2023-12-16 16:05:52.997051,/muse/gyro,3.147735595703125,-0.28411865234375,2.415008544921875
2023-12-16 16:05:52.997051,/muse/gyro,3.1103515625,-0.35888671875,2.519683837890625
2023-12-16 16:05:52.997051,/muse/gyro,3.072967529296875,-0.321502685546875,2.400054931640625
2023-12-16 16:05:53.042594,/muse/gyro,3.15521240234375,0.1495361328125,2.46734619140625
2023-12-16 16:05:53.042594,/muse/gyro,3.00567626953125,-0.22430419921875,2.332763671875
2023-12-16 16:05:53.043609,/muse/gyro,2.968292236328125,-0.142059326171875,2.37762451171875
2023-12-16 16:05:53.127655,/muse/gyro,3.357086181640625,-0.216827392578125,2.61688232421875
2023-12-16 16:05:53.128670,/muse/gyro,3.252410888671875,0.04486083984375,2.58697509765625
2023-12-16 16:05:53.128670,/muse/gyro,3.357086181640625,-0.231781005859375,2.669219970703125
2023-12-16 16:05:53.178350,/muse/gyro,3.4393310546875,-0.52337646484375,2.669219970703125
2023-12-16 16:05:53.178350,/muse/gyro,3.48419189453125,-0.95703125,2.444915771484375
2023-12-16 16:05:53.179349,/muse/gyro,3.648681640625,-1.218719482421875,2.355194091796875
2023-12-16 16:05:53.217733,/muse/gyro,3.7982177734375,-0.725250244140625,2.654266357421875
2023-12-16 16:05:53.217733,/muse/gyro,3.790740966796875,-0.934600830078125,2.572021484375
2023-12-16 16:05:53.217733,/muse/gyro,3.72344970703125,-1.203765869140625,2.3028564453125
2023-12-16 16:05:53.282948,/muse/gyro,3.386993408203125,-1.06170654296875,2.265472412109375
2023-12-16 16:05:53.282948,/muse/gyro,3.461761474609375,-0.97198486328125,2.594451904296875
2023-12-16 16:05:53.283818,/muse/gyro,4.059906005859375,-0.785064697265625,3.431854248046875
2023-12-16 16:05:53.343703,/muse/gyro,3.925323486328125,-0.9869384765625,2.803802490234375
2023-12-16 16:05:53.344702,/muse/gyro,4.418792724609375,-0.755157470703125,3.506622314453125
2023-12-16 16:05:53.344702,/muse/gyro,4.074859619140625,-0.6878662109375,3.22998046875
2023-12-16 16:05:53.407857,/muse/gyro,3.461761474609375,-1.936492919921875,2.579498291015625
2023-12-16 16:05:53.407857,/muse/gyro,3.162689208984375,-1.443023681640625,2.5421142578125
2023-12-16 16:05:53.408871,/muse/gyro,3.57391357421875,-1.562652587890625,2.459869384765625
2023-12-16 16:05:53.469433,/muse/gyro,3.09539794921875,-0.919647216796875,2.624359130859375
2023-12-16 16:05:53.469433,/muse/gyro,3.626251220703125,-1.07666015625,2.91595458984375
2023-12-16 16:05:53.469433,/muse/gyro,2.923431396484375,-0.934600830078125,2.55706787109375
2023-12-16 16:05:53.551837,/muse/gyro,3.461761474609375,-1.03179931640625,3.506622314453125
2023-12-16 16:05:53.551837,/muse/gyro,3.39447021484375,-1.024322509765625,3.170166015625
2023-12-16 16:05:53.551837,/muse/gyro,3.66363525390625,-1.173858642578125,3.2598876953125
2023-12-16 16:05:53.578077,/muse/gyro,3.30474853515625,-0.889739990234375,3.409423828125
2023-12-16 16:05:53.579077,/muse/gyro,3.072967529296875,-1.0467529296875,3.1402587890625
2023-12-16 16:05:53.579077,/muse/gyro,3.54400634765625,-0.64300537109375,3.87298583984375
2023-12-16 16:05:53.641771,/muse/gyro,2.833709716796875,-1.1962890625,2.67669677734375
2023-12-16 16:05:53.642775,/muse/gyro,3.03558349609375,-1.4056396484375,2.691650390625
2023-12-16 16:05:53.642775,/muse/gyro,3.013153076171875,-1.069183349609375,3.06549072265625
2023-12-16 16:05:53.689716,/muse/gyro,2.94586181640625,-1.09161376953125,2.6617431640625
2023-12-16 16:05:53.689716,/muse/gyro,3.072967529296875,-1.114044189453125,2.76641845703125
2023-12-16 16:05:53.689716,/muse/gyro,2.8411865234375,-0.874786376953125,2.9010009765625
2023-12-16 16:05:53.750675,/muse/gyro,2.729034423828125,-0.7177734375,2.94586181640625
2023-12-16 16:05:53.750675,/muse/gyro,2.684173583984375,-0.306549072265625,2.878570556640625
2023-12-16 16:05:53.750675,/muse/gyro,2.280426025390625,-0.216827392578125,2.848663330078125
2023-12-16 16:05:53.811818,/muse/gyro,2.40753173828125,-0.58319091796875,2.803802490234375
2023-12-16 16:05:53.812824,/muse/gyro,2.1832275390625,-0.082244873046875,2.998199462890625
2023-12-16 16:05:53.812824,/muse/gyro,2.452392578125,-0.321502685546875,3.1103515625
2023-12-16 16:05:53.880748,/muse/gyro,2.878570556640625,-0.34393310546875,2.6318359375
2023-12-16 16:05:53.880748,/muse/gyro,2.818756103515625,-0.3289794921875,2.452392578125
2023-12-16 16:05:53.880748,/muse/gyro,3.282318115234375,-0.61309814453125,2.67669677734375
2023-12-16 16:05:53.920651,/muse/gyro,3.4393310546875,-0.471038818359375,2.87109375
2023-12-16 16:05:53.920651,/muse/gyro,3.357086181640625,-0.76263427734375,2.953338623046875
2023-12-16 16:05:53.920651,/muse/gyro,3.46923828125,-0.560760498046875,3.03558349609375
2023-12-16 16:05:53.982616,/muse/gyro,2.7813720703125,-1.308441162109375,3.2598876953125
2023-12-16 16:05:53.982616,/muse/gyro,2.893524169921875,-0.70281982421875,3.84307861328125
2023-12-16 16:05:53.982616,/muse/gyro,2.79632568359375,-1.24114990234375,2.811279296875
2023-12-16 16:05:54.046701,/muse/gyro,2.923431396484375,-0.231781005859375,4.0374755859375
2023-12-16 16:05:54.046701,/muse/gyro,2.684173583984375,0.04486083984375,3.357086181640625
2023-12-16 16:05:54.047701,/muse/gyro,2.76641845703125,-0.216827392578125,3.03558349609375
2023-12-16 16:05:54.093737,/muse/gyro,2.594451904296875,-0.456085205078125,2.79632568359375
2023-12-16 16:05:54.093737,/muse/gyro,2.7813720703125,0.25421142578125,2.64678955078125
2023-12-16 16:05:54.094734,/muse/gyro,2.51220703125,-0.10467529296875,2.729034423828125
2023-12-16 16:05:54.156965,/muse/gyro,2.97576904296875,0.231781005859375,2.609405517578125
2023-12-16 16:05:54.157964,/muse/gyro,2.88604736328125,0.3887939453125,2.58697509765625
2023-12-16 16:05:54.157964,/muse/gyro,3.2598876953125,0.43365478515625,2.848663330078125
2023-12-16 16:05:54.219091,/muse/gyro,3.06549072265625,-0.471038818359375,2.97576904296875
2023-12-16 16:05:54.219091,/muse/gyro,3.386993408203125,-0.40374755859375,2.9608154296875
2023-12-16 16:05:54.220089,/muse/gyro,3.267364501953125,-0.418701171875,3.431854248046875
2023-12-16 16:05:54.281728,/muse/gyro,3.805694580078125,-0.485992431640625,3.51409912109375
2023-12-16 16:05:54.281728,/muse/gyro,3.536529541015625,-0.52337646484375,3.177642822265625
2023-12-16 16:05:54.281728,/muse/gyro,3.775787353515625,-0.34393310546875,3.69354248046875
2023-12-16 16:05:54.346826,/muse/gyro,3.529052734375,-0.800018310546875,2.788848876953125
2023-12-16 16:05:54.346826,/muse/gyro,3.51409912109375,-0.478515625,2.91595458984375
2023-12-16 16:05:54.346826,/muse/gyro,3.529052734375,-0.55328369140625,3.050537109375
2023-12-16 16:05:54.392608,/muse/gyro,3.147735595703125,-0.590667724609375,3.289794921875
2023-12-16 16:05:54.393305,/muse/gyro,3.192596435546875,-0.605621337890625,3.342132568359375
2023-12-16 16:05:54.393607,/muse/gyro,2.833709716796875,-0.2392578125,3.170166015625
2023-12-16 16:05:54.452693,/muse/gyro,2.55706787109375,0.157012939453125,2.97576904296875
2023-12-16 16:05:54.452693,/muse/gyro,2.6617431640625,0.11962890625,3.00567626953125
2023-12-16 16:05:54.452693,/muse/gyro,2.70660400390625,0.35888671875,3.1103515625
2023-12-16 16:05:54.516781,/muse/gyro,2.908477783203125,0.31402587890625,3.297271728515625
2023-12-16 16:05:54.516781,/muse/gyro,3.03558349609375,-0.022430419921875,3.4393310546875
2023-12-16 16:05:54.517783,/muse/gyro,3.087921142578125,-0.59814453125,3.312225341796875
2023-12-16 16:05:54.582039,/muse/gyro,3.27484130859375,-0.545806884765625,3.39447021484375
2023-12-16 16:05:54.582039,/muse/gyro,3.39447021484375,-0.485992431640625,3.521575927734375
2023-12-16 16:05:54.583092,/muse/gyro,3.289794921875,-0.530853271484375,3.581390380859375
2023-12-16 16:05:54.628985,/muse/gyro,3.207550048828125,-0.575714111328125,3.461761474609375
2023-12-16 16:05:54.628985,/muse/gyro,3.386993408203125,-0.560760498046875,3.57391357421875
2023-12-16 16:05:54.628985,/muse/gyro,3.536529541015625,-0.381317138671875,3.835601806640625
2023-12-16 16:05:54.687675,/muse/gyro,2.773895263671875,-1.188812255859375,3.2000732421875
2023-12-16 16:05:54.687675,/muse/gyro,2.930908203125,-1.30096435546875,3.12530517578125
2023-12-16 16:05:54.688672,/muse/gyro,3.192596435546875,-0.897216796875,3.701019287109375
2023-12-16 16:05:54.730647,/muse/gyro,3.72344970703125,-0.650482177734375,4.164581298828125
2023-12-16 16:05:54.730647,/muse/gyro,3.760833740234375,-0.635528564453125,3.955230712890625
2023-12-16 16:05:54.730647,/muse/gyro,3.887939453125,-0.9271240234375,3.671112060546875
2023-12-16 16:05:54.800030,/muse/gyro,2.863616943359375,-0.590667724609375,3.66363525390625
2023-12-16 16:05:54.800030,/muse/gyro,3.66363525390625,-0.9271240234375,3.8580322265625
2023-12-16 16:05:54.801030,/muse/gyro,2.5421142578125,0.0299072265625,3.4393310546875
2023-12-16 16:05:54.858124,/muse/gyro,2.5421142578125,0.37384033203125,3.06549072265625
2023-12-16 16:05:54.858124,/muse/gyro,2.2430419921875,0.530853271484375,3.357086181640625
2023-12-16 16:05:54.858124,/muse/gyro,2.489776611328125,0.949554443359375,3.312225341796875
2023-12-16 16:05:54.926139,/muse/gyro,3.00567626953125,1.024322509765625,3.21502685546875
2023-12-16 16:05:54.926139,/muse/gyro,2.699127197265625,0.112152099609375,2.534637451171875
2023-12-16 16:05:54.926139,/muse/gyro,2.729034423828125,0.590667724609375,2.714080810546875
2023-12-16 16:05:54.969378,/muse/gyro,3.0804443359375,0.3887939453125,3.192596435546875
2023-12-16 16:05:54.969378,/muse/gyro,2.818756103515625,0.441131591796875,3.132781982421875
2023-12-16 16:05:54.970882,/muse/gyro,2.998199462890625,0.381317138671875,3.386993408203125
2023-12-16 16:05:55.032612,/muse/gyro,2.64678955078125,0.306549072265625,3.357086181640625
2023-12-16 16:05:55.033612,/muse/gyro,3.132781982421875,-0.10467529296875,3.42437744140625
2023-12-16 16:05:55.033612,/muse/gyro,3.072967529296875,0.0299072265625,3.641204833984375
2023-12-16 16:05:55.099772,/muse/gyro,2.699127197265625,0.500946044921875,3.33465576171875
2023-12-16 16:05:55.100772,/muse/gyro,2.893524169921875,0.01495361328125,3.611297607421875
2023-12-16 16:05:55.100772,/muse/gyro,2.811279296875,0.291595458984375,3.342132568359375
2023-12-16 16:05:55.159651,/muse/gyro,2.788848876953125,0.67291259765625,3.461761474609375
2023-12-16 16:05:55.159651,/muse/gyro,2.609405517578125,1.1962890625,3.60382080078125
2023-12-16 16:05:55.159651,/muse/gyro,2.938385009765625,0.874786376953125,3.5589599609375
2023-12-16 16:05:55.224470,/muse/gyro,2.669219970703125,1.136474609375,3.3795166015625
2023-12-16 16:05:55.224470,/muse/gyro,2.6617431640625,1.143951416015625,3.39447021484375
2023-12-16 16:05:55.225477,/muse/gyro,2.82623291015625,0.76263427734375,3.1402587890625
2023-12-16 16:05:55.269306,/muse/gyro,2.5421142578125,0.246734619140625,3.072967529296875
2023-12-16 16:05:55.269306,/muse/gyro,2.61688232421875,0.3289794921875,3.21502685546875
2023-12-16 16:05:55.269306,/muse/gyro,2.489776611328125,0.2691650390625,3.1103515625
2023-12-16 16:05:55.341080,/muse/gyro,2.572021484375,0.500946044921875,3.013153076171875
2023-12-16 16:05:55.341608,/muse/gyro,2.79632568359375,0.515899658203125,2.908477783203125
2023-12-16 16:05:55.341608,/muse/gyro,2.67669677734375,0.515899658203125,3.058013916015625
2023-12-16 16:05:55.374945,/muse/gyro,2.82623291015625,0.11962890625,2.504730224609375
2023-12-16 16:05:55.375943,/muse/gyro,2.6318359375,-0.620574951171875,2.572021484375
2023-12-16 16:05:55.375943,/muse/gyro,2.51220703125,-1.09161376953125,2.691650390625
2023-12-16 16:05:55.443992,/muse/gyro,2.504730224609375,-0.441131591796875,3.93280029296875
2023-12-16 16:05:55.444650,/muse/gyro,2.235565185546875,-0.25421142578125,3.4393310546875
2023-12-16 16:05:55.446994,/muse/gyro,2.011260986328125,-0.575714111328125,2.811279296875
2023-12-16 16:05:55.507794,/muse/gyro,2.691650390625,-0.515899658203125,3.072967529296875
2023-12-16 16:05:55.507794,/muse/gyro,2.564544677734375,-0.560760498046875,3.5888671875
2023-12-16 16:05:55.508795,/muse/gyro,2.743988037109375,-0.171966552734375,2.8411865234375
2023-12-16 16:05:55.565699,/muse/gyro,2.85614013671875,0.35888671875,2.355194091796875
2023-12-16 16:05:55.565699,/muse/gyro,2.76641845703125,0.500946044921875,2.22808837890625
2023-12-16 16:05:55.566701,/muse/gyro,2.803802490234375,0.16448974609375,2.534637451171875
2023-12-16 16:05:55.630655,/muse/gyro,3.60382080078125,0.2691650390625,2.811279296875
2023-12-16 16:05:55.630655,/muse/gyro,3.9776611328125,-0.37384033203125,3.162689208984375
2023-12-16 16:05:55.630655,/muse/gyro,3.058013916015625,0.73272705078125,2.250518798828125
2023-12-16 16:05:55.675009,/muse/gyro,3.60382080078125,-0.777587890625,3.03558349609375
2023-12-16 16:05:55.675009,/muse/gyro,3.715972900390625,-1.069183349609375,3.446807861328125
2023-12-16 16:05:55.675009,/muse/gyro,3.648681640625,-1.00189208984375,4.044952392578125
2023-12-16 16:05:55.741678,/muse/gyro,3.028106689453125,-0.7177734375,3.327178955078125
2023-12-16 16:05:55.741678,/muse/gyro,3.102874755859375,-0.814971923828125,3.566436767578125
2023-12-16 16:05:55.741678,/muse/gyro,3.45428466796875,-0.95703125,4.000091552734375
2023-12-16 16:05:55.784176,/muse/gyro,3.147735595703125,-0.829925537109375,3.409423828125
2023-12-16 16:05:55.784176,/muse/gyro,3.267364501953125,-0.88226318359375,3.63372802734375
2023-12-16 16:05:55.784176,/muse/gyro,3.386993408203125,-0.530853271484375,3.940277099609375
2023-12-16 16:05:55.868158,/muse/gyro,2.684173583984375,-0.01495361328125,3.3197021484375
2023-12-16 16:05:55.868158,/muse/gyro,2.953338623046875,-0.179443359375,3.84307861328125
2023-12-16 16:05:55.869164,/muse/gyro,2.73651123046875,-0.059814453125,3.641204833984375
2023-12-16 16:05:55.913052,/muse/gyro,2.5421142578125,0.37384033203125,3.282318115234375
2023-12-16 16:05:55.913052,/muse/gyro,2.504730224609375,0.11962890625,3.2000732421875
2023-12-16 16:05:55.913052,/muse/gyro,2.811279296875,0.246734619140625,3.043060302734375
2023-12-16 16:05:55.980697,/muse/gyro,3.00567626953125,0.441131591796875,2.9608154296875
2023-12-16 16:05:55.980697,/muse/gyro,2.788848876953125,0.785064697265625,3.1402587890625
2023-12-16 16:05:55.981824,/muse/gyro,2.52716064453125,0.777587890625,3.06549072265625
2023-12-16 16:05:56.025204,/muse/gyro,2.639312744140625,0.381317138671875,3.087921142578125
2023-12-16 16:05:56.025204,/muse/gyro,2.953338623046875,0.2392578125,3.30474853515625
2023-12-16 16:05:56.026322,/muse/gyro,2.64678955078125,0.590667724609375,3.013153076171875
2023-12-16 16:05:56.089200,/muse/gyro,3.043060302734375,0.28411865234375,3.3795166015625
2023-12-16 16:05:56.089200,/muse/gyro,3.12530517578125,0.52337646484375,3.327178955078125
2023-12-16 16:05:56.090704,/muse/gyro,2.9010009765625,0.097198486328125,3.1103515625
2023-12-16 16:05:56.147921,/muse/gyro,2.37762451171875,0.4486083984375,2.94586181640625
2023-12-16 16:05:56.148919,/muse/gyro,2.579498291015625,0.426177978515625,3.00567626953125
2023-12-16 16:05:56.148919,/muse/gyro,2.714080810546875,0.037384033203125,3.102874755859375
2023-12-16 16:05:56.237253,/muse/gyro,2.99072265625,0.5682373046875,3.342132568359375
2023-12-16 16:05:56.238252,/muse/gyro,3.386993408203125,0.665435791015625,3.48419189453125
2023-12-16 16:05:56.238252,/muse/gyro,3.409423828125,0.515899658203125,3.24493408203125
2023-12-16 16:05:56.275631,/muse/gyro,3.2000732421875,0.35888671875,2.878570556640625
2023-12-16 16:05:56.276632,/muse/gyro,2.654266357421875,0.0299072265625,2.579498291015625
2023-12-16 16:05:56.276632,/muse/gyro,3.043060302734375,0.351409912109375,2.773895263671875
2023-12-16 16:05:56.340780,/muse/gyro,2.43743896484375,0.635528564453125,2.691650390625
2023-12-16 16:05:56.341786,/muse/gyro,2.370147705078125,0.10467529296875,2.4224853515625
2023-12-16 16:05:56.341786,/muse/gyro,2.160797119140625,0.097198486328125,2.49725341796875
2023-12-16 16:05:56.384633,/muse/gyro,2.833709716796875,0.70281982421875,2.9608154296875
2023-12-16 16:05:56.384633,/muse/gyro,2.811279296875,1.00189208984375,2.908477783203125
2023-12-16 16:05:56.384633,/muse/gyro,2.729034423828125,0.321502685546875,2.968292236328125
2023-12-16 16:05:56.453776,/muse/gyro,2.8411865234375,0.097198486328125,3.416900634765625
2023-12-16 16:05:56.453776,/muse/gyro,2.743988037109375,0.37384033203125,3.596343994140625
2023-12-16 16:05:56.453776,/muse/gyro,3.252410888671875,0.61309814453125,3.715972900390625
2023-12-16 16:05:56.494603,/muse/gyro,2.788848876953125,-0.16448974609375,3.132781982421875
2023-12-16 16:05:56.494603,/muse/gyro,2.818756103515625,-0.127105712890625,2.923431396484375
2023-12-16 16:05:56.494603,/muse/gyro,2.8411865234375,-0.037384033203125,3.00567626953125
2023-12-16 16:05:56.561917,/muse/gyro,2.79632568359375,0.291595458984375,3.237457275390625
2023-12-16 16:05:56.561917,/muse/gyro,2.8411865234375,0.13458251953125,3.087921142578125
2023-12-16 16:05:56.562925,/muse/gyro,2.968292236328125,0.0897216796875,2.818756103515625
2023-12-16 16:05:56.618101,/muse/gyro,2.489776611328125,0.9271240234375,3.27484130859375
2023-12-16 16:05:56.619103,/muse/gyro,2.669219970703125,0.485992431640625,3.27484130859375
2023-12-16 16:05:56.619103,/muse/gyro,2.55706787109375,0.897216796875,3.416900634765625
2023-12-16 16:05:56.686045,/muse/gyro,2.3028564453125,1.09161376953125,2.9608154296875
2023-12-16 16:05:56.686259,/muse/gyro,2.220611572265625,0.179443359375,2.6617431640625
2023-12-16 16:05:56.686635,/muse/gyro,2.07855224609375,1.009368896484375,2.878570556640625
2023-12-16 16:05:56.729317,/muse/gyro,2.6318359375,-0.710296630859375,2.67669677734375
2023-12-16 16:05:56.730820,/muse/gyro,2.400054931640625,-0.246734619140625,2.803802490234375
2023-12-16 16:05:56.730898,/muse/gyro,2.594451904296875,-0.79254150390625,2.998199462890625
2023-12-16 16:05:56.788734,/muse/gyro,2.91595458984375,-0.35888671875,3.18511962890625
2023-12-16 16:05:56.789733,/muse/gyro,2.7813720703125,-0.500946044921875,3.282318115234375
2023-12-16 16:05:56.789733,/muse/gyro,2.6617431640625,-0.396270751953125,3.132781982421875
2023-12-16 16:05:56.852916,/muse/gyro,3.03558349609375,-0.351409912109375,3.0206298828125
2023-12-16 16:05:56.853809,/muse/gyro,2.7215576171875,-0.897216796875,2.953338623046875
2023-12-16 16:05:56.853916,/muse/gyro,2.968292236328125,-0.10467529296875,3.06549072265625
2023-12-16 16:05:56.958679,/muse/gyro,2.7813720703125,-1.55517578125,3.09539794921875
2023-12-16 16:05:56.958679,/muse/gyro,2.429962158203125,-1.2860107421875,3.910369873046875
2023-12-16 16:05:56.959681,/muse/gyro,2.504730224609375,-0.829925537109375,4.568328857421875
2023-12-16 16:05:56.963907,/muse/gyro,3.06549072265625,-0.186920166015625,4.68048095703125
2023-12-16 16:05:56.964907,/muse/gyro,2.64678955078125,-0.306549072265625,3.4393310546875
2023-12-16 16:05:56.964907,/muse/gyro,2.811279296875,-0.186920166015625,4.269256591796875
2023-12-16 16:05:57.044142,/muse/gyro,2.205657958984375,0.545806884765625,3.102874755859375
2023-12-16 16:05:57.044142,/muse/gyro,2.28790283203125,-0.336456298828125,2.788848876953125
2023-12-16 16:05:57.044142,/muse/gyro,2.534637451171875,0.157012939453125,2.99072265625
2023-12-16 16:05:57.087306,/muse/gyro,2.392578125,0.6280517578125,2.938385009765625
2023-12-16 16:05:57.087306,/muse/gyro,2.51220703125,0.246734619140625,2.79632568359375
2023-12-16 16:05:57.087306,/muse/gyro,2.4224853515625,0.0299072265625,3.207550048828125
2023-12-16 16:05:57.157683,/muse/gyro,2.833709716796875,0.0299072265625,3.416900634765625
2023-12-16 16:05:57.157683,/muse/gyro,2.691650390625,-0.0299072265625,3.03558349609375
2023-12-16 16:05:57.157683,/muse/gyro,2.46734619140625,-0.276641845703125,2.729034423828125
2023-12-16 16:05:57.196064,/muse/gyro,2.444915771484375,-0.16448974609375,3.22998046875
2023-12-16 16:05:57.196064,/muse/gyro,2.75146484375,0.11962890625,3.84307861328125
2023-12-16 16:05:57.196064,/muse/gyro,3.1103515625,0.07476806640625,3.357086181640625
2023-12-16 16:05:57.263831,/muse/gyro,2.9010009765625,-0.0299072265625,3.102874755859375
2023-12-16 16:05:57.264831,/muse/gyro,2.811279296875,-0.418701171875,3.013153076171875
2023-12-16 16:05:57.264831,/muse/gyro,2.76641845703125,-0.07476806640625,3.09539794921875
2023-12-16 16:05:57.324926,/muse/gyro,2.88604736328125,-0.22430419921875,2.893524169921875
2023-12-16 16:05:57.325926,/muse/gyro,2.91595458984375,-0.007476806640625,2.803802490234375
2023-12-16 16:05:57.325926,/muse/gyro,2.818756103515625,0.3887939453125,3.03558349609375
2023-12-16 16:05:57.389732,/muse/gyro,2.49725341796875,1.443023681640625,3.3795166015625
2023-12-16 16:05:57.390731,/muse/gyro,2.64678955078125,0.770111083984375,3.289794921875
2023-12-16 16:05:57.390731,/muse/gyro,2.49725341796875,1.68975830078125,3.5589599609375
2023-12-16 16:05:57.436931,/muse/gyro,2.52716064453125,1.697235107421875,3.46923828125
2023-12-16 16:05:57.436931,/muse/gyro,2.549591064453125,1.308441162109375,3.2000732421875
2023-12-16 16:05:57.436931,/muse/gyro,2.564544677734375,0.9271240234375,3.0804443359375
2023-12-16 16:05:57.496936,/muse/gyro,2.355194091796875,0.515899658203125,3.087921142578125
2023-12-16 16:05:57.496936,/muse/gyro,2.295379638671875,0.246734619140625,2.878570556640625
2023-12-16 16:05:57.496936,/muse/gyro,2.03369140625,0.49346923828125,2.7813720703125
2023-12-16 16:05:57.557666,/muse/gyro,2.28790283203125,0.22430419921875,2.6019287109375
2023-12-16 16:05:57.557666,/muse/gyro,2.51220703125,0.34393310546875,2.803802490234375
2023-12-16 16:05:57.557666,/muse/gyro,2.67669677734375,0.366363525390625,2.94586181640625
2023-12-16 16:05:57.624893,/muse/gyro,3.24493408203125,0.01495361328125,3.0206298828125
2023-12-16 16:05:57.625892,/muse/gyro,2.908477783203125,-0.201873779296875,2.893524169921875
2023-12-16 16:05:57.625892,/muse/gyro,3.39447021484375,0.336456298828125,3.00567626953125
2023-12-16 16:05:57.691101,/muse/gyro,2.534637451171875,-0.336456298828125,2.79632568359375
2023-12-16 16:05:57.691604,/muse/gyro,2.37762451171875,-0.16448974609375,2.7813720703125
2023-12-16 16:05:57.691604,/muse/gyro,2.549591064453125,-0.40374755859375,3.267364501953125
2023-12-16 16:05:57.729898,/muse/gyro,3.18511962890625,-1.2261962890625,3.671112060546875
2023-12-16 16:05:57.729898,/muse/gyro,3.22998046875,-1.57012939453125,3.581390380859375
2023-12-16 16:05:57.729898,/muse/gyro,2.968292236328125,-0.770111083984375,3.30474853515625
2023-12-16 16:05:57.794100,/muse/gyro,3.072967529296875,-0.949554443359375,3.6785888671875
2023-12-16 16:05:57.794100,/muse/gyro,2.714080810546875,-0.471038818359375,3.4991455078125
2023-12-16 16:05:57.794100,/muse/gyro,2.4822998046875,0.0897216796875,3.30474853515625
2023-12-16 16:05:57.863055,/muse/gyro,2.504730224609375,0.291595458984375,3.0206298828125
2023-12-16 16:05:57.863055,/muse/gyro,2.9608154296875,0.179443359375,2.70660400390625
2023-12-16 16:05:57.864055,/muse/gyro,2.878570556640625,-0.04486083984375,3.028106689453125
2023-12-16 16:05:57.903692,/muse/gyro,2.88604736328125,0.321502685546875,2.43743896484375
2023-12-16 16:05:57.903692,/muse/gyro,2.572021484375,-0.31402587890625,2.011260986328125
2023-12-16 16:05:57.904691,/muse/gyro,2.70660400390625,-0.9869384765625,2.250518798828125
2023-12-16 16:05:57.966178,/muse/gyro,2.9010009765625,-1.03179931640625,2.67669677734375
2023-12-16 16:05:57.967178,/muse/gyro,2.818756103515625,-1.06170654296875,2.94586181640625
2023-12-16 16:05:57.967178,/muse/gyro,2.729034423828125,-1.54022216796875,3.372039794921875
2023-12-16 16:05:58.028671,/muse/gyro,2.385101318359375,-1.8243408203125,4.2169189453125
2023-12-16 16:05:58.028671,/muse/gyro,2.295379638671875,-1.413116455078125,4.42626953125
2023-12-16 16:05:58.028671,/muse/gyro,2.3028564453125,-1.757049560546875,4.127197265625
2023-12-16 16:05:58.096071,/muse/gyro,2.7813720703125,-2.37762451171875,5.031890869140625
2023-12-16 16:05:58.096071,/muse/gyro,2.415008544921875,-1.55517578125,4.493560791015625
2023-12-16 16:05:58.097069,/muse/gyro,2.7215576171875,-3.60382080078125,5.510406494140625
2023-12-16 16:05:58.168088,/muse/gyro,2.026214599609375,-4.643096923828125,6.17584228515625
2023-12-16 16:05:58.168088,/muse/gyro,1.27105712890625,-4.628143310546875,7.185211181640625
2023-12-16 16:05:58.168088,/muse/gyro,0.650482177734375,-4.643096923828125,8.605804443359375
2023-12-16 16:05:58.221673,/muse/gyro,0.55328369140625,-5.14404296875,10.93109130859375
2023-12-16 16:05:58.221673,/muse/gyro,0.04486083984375,-7.110443115234375,15.544281005859375
2023-12-16 16:05:58.221673,/muse/gyro,-0.9271240234375,-11.3946533203125,22.96875
2023-12-16 16:05:58.264636,/muse/gyro,-6.34033203125,-35.81390380859375,67.74734497070312
2023-12-16 16:05:58.264636,/muse/gyro,-3.686065673828125,-26.8267822265625,48.7786865234375
2023-12-16 16:05:58.265636,/muse/gyro,-2.1234130859375,-18.49761962890625,33.60076904296875
2023-12-16 16:05:58.352063,/muse/gyro,-10.00396728515625,-44.24774169921875,87.00759887695312
2023-12-16 16:05:58.352063,/muse/gyro,-14.273223876953125,-48.965606689453125,101.9537353515625
2023-12-16 16:05:58.352063,/muse/gyro,-18.2733154296875,-46.5655517578125,109.62493896484375
2023-12-16 16:05:58.377733,/muse/gyro,-20.299530029296875,-39.16351318359375,108.54080200195312
2023-12-16 16:05:58.377733,/muse/gyro,-18.16864013671875,-28.3221435546875,88.90670776367188
2023-12-16 16:05:58.377733,/muse/gyro,-20.523834228515625,-32.22503662109375,100.37612915039062
2023-12-16 16:05:58.436184,/muse/gyro,-10.265655517578125,-21.839752197265625,64.49493408203125
2023-12-16 16:05:58.437301,/muse/gyro,-14.198455810546875,-25.951995849609375,76.88400268554688
2023-12-16 16:05:58.437301,/muse/gyro,-7.237548828125,-15.753631591796875,52.47222900390625
2023-12-16 16:05:58.478258,/muse/gyro,-6.26556396484375,-9.682464599609375,42.042083740234375
2023-12-16 16:05:58.478258,/muse/gyro,-7.05810546875,-5.794525146484375,32.85308837890625
2023-12-16 16:05:58.478258,/muse/gyro,-7.200164794921875,-4.598236083984375,25.58563232421875
2023-12-16 16:05:58.548782,/muse/gyro,-4.14215087890625,-4.179534912109375,16.2994384765625
2023-12-16 16:05:58.548782,/muse/gyro,-6.258087158203125,-4.56085205078125,20.359344482421875
2023-12-16 16:05:58.548782,/muse/gyro,-2.190704345703125,-2.340240478515625,13.29376220703125
2023-12-16 16:05:58.607967,/muse/gyro,-0.82244873046875,-0.3289794921875,12.045135498046875
2023-12-16 16:05:58.607967,/muse/gyro,0.97198486328125,0.575714111328125,11.46942138671875
2023-12-16 16:05:58.607967,/muse/gyro,2.100982666015625,-0.2093505859375,11.656341552734375
2023-12-16 16:05:58.670776,/muse/gyro,3.985137939453125,-1.2860107421875,11.761016845703125
2023-12-16 16:05:58.670776,/muse/gyro,5.674896240234375,-1.742095947265625,11.17034912109375
2023-12-16 16:05:58.670776,/muse/gyro,6.960906982421875,-1.4056396484375,10.60211181640625
2023-12-16 16:05:58.734135,/muse/gyro,6.183319091796875,0.28411865234375,9.67498779296875
2023-12-16 16:05:58.734135,/muse/gyro,6.916046142578125,-0.590667724609375,9.936676025390625
2023-12-16 16:05:58.734135,/muse/gyro,5.360870361328125,0.022430419921875,9.22637939453125
2023-12-16 16:05:58.799524,/muse/gyro,5.42816162109375,-0.321502685546875,8.770294189453125
2023-12-16 16:05:58.799524,/muse/gyro,5.57769775390625,-0.59814453125,7.962799072265625
2023-12-16 16:05:58.799524,/muse/gyro,5.929107666015625,-1.2860107421875,6.422576904296875
2023-12-16 16:05:58.862778,/muse/gyro,5.78704833984375,-1.39068603515625,4.59075927734375
2023-12-16 16:05:58.862778,/muse/gyro,5.5926513671875,-0.70281982421875,3.7384033203125
2023-12-16 16:05:58.862778,/muse/gyro,5.136566162109375,0.76263427734375,3.63372802734375
2023-12-16 16:05:58.904625,/muse/gyro,5.1739501953125,2.265472412109375,3.6187744140625
2023-12-16 16:05:58.904625,/muse/gyro,5.345916748046875,4.104766845703125,3.18511962890625
2023-12-16 16:05:58.904625,/muse/gyro,5.271148681640625,3.1402587890625,3.461761474609375
2023-12-16 16:05:58.949780,/muse/gyro,5.24871826171875,4.628143310546875,2.4822998046875
2023-12-16 16:05:58.949780,/muse/gyro,4.65057373046875,4.964599609375,1.2261962890625
2023-12-16 16:05:58.949780,/muse/gyro,4.47113037109375,4.83001708984375,0.2093505859375
2023-12-16 16:05:59.016713,/muse/gyro,6.639404296875,3.058013916015625,-4.164581298828125
2023-12-16 16:05:59.016713,/muse/gyro,4.882354736328125,4.164581298828125,-0.949554443359375
2023-12-16 16:05:59.016713,/muse/gyro,5.630035400390625,3.1103515625,-2.64678955078125
2023-12-16 16:05:59.082890,/muse/gyro,7.476806640625,3.955230712890625,-6.392669677734375
2023-12-16 16:05:59.082890,/muse/gyro,8.531036376953125,5.824432373046875,-9.428253173828125
2023-12-16 16:05:59.082890,/muse/gyro,9.9591064453125,7.8057861328125,-13.3685302734375
2023-12-16 16:05:59.141621,/muse/gyro,13.256378173828125,10.87127685546875,-22.1014404296875
2023-12-16 16:05:59.141621,/muse/gyro,11.663818359375,9.129180908203125,-17.847137451171875
2023-12-16 16:05:59.142716,/muse/gyro,14.176025390625,11.73858642578125,-26.550140380859375
2023-12-16 16:05:59.186692,/muse/gyro,14.54986572265625,11.716156005859375,-30.393218994140625
2023-12-16 16:05:59.186692,/muse/gyro,14.452667236328125,10.385284423828125,-32.9876708984375
2023-12-16 16:05:59.187687,/muse/gyro,14.198455810546875,8.77777099609375,-34.176483154296875
2023-12-16 16:05:59.277258,/muse/gyro,13.346099853515625,7.125396728515625,-34.445648193359375
2023-12-16 16:05:59.277258,/muse/gyro,11.790924072265625,5.450592041015625,-33.7652587890625
2023-12-16 16:05:59.277258,/muse/gyro,9.861907958984375,4.807586669921875,-32.4493408203125
2023-12-16 16:05:59.315076,/muse/gyro,7.0281982421875,4.523468017578125,-27.94830322265625
2023-12-16 16:05:59.315076,/muse/gyro,8.134765625,4.5458984375,-30.632476806640625
2023-12-16 16:05:59.315076,/muse/gyro,6.736602783203125,5.21881103515625,-24.187469482421875
2023-12-16 16:05:59.377256,/muse/gyro,6.5496826171875,5.704803466796875,-20.23223876953125
2023-12-16 16:05:59.377256,/muse/gyro,6.59454345703125,6.17584228515625,-16.46392822265625
2023-12-16 16:05:59.378257,/muse/gyro,6.467437744140625,6.34033203125,-13.05450439453125
2023-12-16 16:05:59.440744,/muse/gyro,4.964599609375,4.29168701171875,-7.13287353515625
2023-12-16 16:05:59.440744,/muse/gyro,6.23565673828125,5.7421875,-10.325469970703125
2023-12-16 16:05:59.441749,/muse/gyro,5.3533935546875,5.121612548828125,-8.456268310546875
2023-12-16 16:05:59.511838,/muse/gyro,4.29168701171875,3.70849609375,-6.063690185546875
2023-12-16 16:05:59.511838,/muse/gyro,3.446807861328125,3.00567626953125,-5.136566162109375
2023-12-16 16:05:59.512843,/muse/gyro,2.34771728515625,2.67669677734375,-4.269256591796875
2023-12-16 16:05:59.550941,/muse/gyro,0.979461669921875,1.74957275390625,-2.833709716796875
2023-12-16 16:05:59.550941,/muse/gyro,1.457977294921875,2.2430419921875,-3.72344970703125
2023-12-16 16:05:59.550941,/muse/gyro,0.7476806640625,1.039276123046875,-2.205657958984375
2023-12-16 16:05:59.597744,/muse/gyro,0.844879150390625,0.829925537109375,-1.5850830078125
2023-12-16 16:05:59.598747,/muse/gyro,1.263580322265625,0.740203857421875,-0.538330078125
2023-12-16 16:05:59.598747,/muse/gyro,2.160797119140625,1.0467529296875,0.418701171875
2023-12-16 16:05:59.658056,/muse/gyro,2.7215576171875,1.57012939453125,1.03179931640625
2023-12-16 16:05:59.658056,/muse/gyro,3.267364501953125,2.130889892578125,1.114044189453125
2023-12-16 16:05:59.658056,/muse/gyro,3.671112060546875,2.3028564453125,1.33087158203125
2023-12-16 16:05:59.724675,/muse/gyro,4.074859619140625,2.415008544921875,2.130889892578125
2023-12-16 16:05:59.724675,/muse/gyro,3.985137939453125,2.5421142578125,2.504730224609375
2023-12-16 16:05:59.724675,/muse/gyro,3.147735595703125,2.355194091796875,2.70660400390625
2023-12-16 16:05:59.790781,/muse/gyro,1.936492919921875,1.77947998046875,2.9608154296875
2023-12-16 16:05:59.790781,/muse/gyro,0.725250244140625,1.069183349609375,2.85614013671875
2023-12-16 16:05:59.790781,/muse/gyro,0.201873779296875,-0.037384033203125,3.18511962890625
2023-12-16 16:05:59.829761,/muse/gyro,0.097198486328125,-0.76263427734375,3.132781982421875
2023-12-16 16:05:59.829761,/muse/gyro,0.49346923828125,-0.76263427734375,2.691650390625
2023-12-16 16:05:59.829761,/muse/gyro,0.35888671875,-0.83740234375,2.99072265625
2023-12-16 16:05:59.892804,/muse/gyro,0.979461669921875,-1.128997802734375,2.220611572265625
2023-12-16 16:05:59.892804,/muse/gyro,1.039276123046875,-1.607513427734375,1.71966552734375
2023-12-16 16:05:59.892804,/muse/gyro,1.173858642578125,-2.175750732421875,1.2860107421875
2023-12-16 16:05:59.960652,/muse/gyro,1.009368896484375,-1.48040771484375,0.94207763671875
2023-12-16 16:05:59.961657,/muse/gyro,1.203765869140625,-1.921539306640625,0.97198486328125
2023-12-16 16:05:59.961657,/muse/gyro,0.530853271484375,-0.6280517578125,1.263580322265625
2023-12-16 16:06:00.002200,/muse/gyro,0.560760498046875,0.336456298828125,1.757049560546875
2023-12-16 16:06:00.002200,/muse/gyro,0.306549072265625,0.299072265625,1.457977294921875
2023-12-16 16:06:00.002200,/muse/gyro,1.27105712890625,0.10467529296875,2.280426025390625
2023-12-16 16:06:00.062606,/muse/gyro,1.6748046875,-0.710296630859375,2.55706787109375
2023-12-16 16:06:00.062606,/muse/gyro,2.026214599609375,-0.844879150390625,2.250518798828125
2023-12-16 16:06:00.063607,/muse/gyro,2.31781005859375,-1.03179931640625,2.175750732421875
2023-12-16 16:06:00.145990,/muse/gyro,2.8411865234375,-1.069183349609375,2.474822998046875
2023-12-16 16:06:00.145990,/muse/gyro,3.102874755859375,-0.067291259765625,2.19818115234375
2023-12-16 16:06:00.146424,/muse/gyro,3.36456298828125,-0.58319091796875,2.55706787109375
2023-12-16 16:06:00.213785,/muse/gyro,2.833709716796875,0.142059326171875,1.801910400390625
2023-12-16 16:06:00.214788,/muse/gyro,2.998199462890625,0.082244873046875,1.801910400390625
2023-12-16 16:06:00.214788,/muse/gyro,2.73651123046875,-0.216827392578125,1.495361328125
2023-12-16 16:06:00.254845,/muse/gyro,2.145843505859375,-0.007476806640625,1.3458251953125
2023-12-16 16:06:00.254845,/muse/gyro,1.55517578125,0.351409912109375,1.6448974609375
2023-12-16 16:06:00.254845,/muse/gyro,0.904693603515625,0.725250244140625,2.1832275390625
2023-12-16 16:06:00.299636,/muse/gyro,1.039276123046875,1.443023681640625,2.61688232421875
2023-12-16 16:06:00.300634,/muse/gyro,1.03179931640625,1.1962890625,2.549591064453125
2023-12-16 16:06:00.300634,/muse/gyro,1.12152099609375,1.323394775390625,2.093505859375
2023-12-16 16:06:00.357169,/muse/gyro,1.248626708984375,1.42059326171875,1.801910400390625
2023-12-16 16:06:00.357169,/muse/gyro,1.30096435546875,1.60003662109375,1.607513427734375
2023-12-16 16:06:00.358170,/muse/gyro,1.577606201171875,1.39068603515625,1.6448974609375
2023-12-16 16:06:00.423077,/muse/gyro,2.340240478515625,0.43365478515625,1.383209228515625
2023-12-16 16:06:00.423077,/muse/gyro,2.0037841796875,0.777587890625,1.55517578125
2023-12-16 16:06:00.424078,/muse/gyro,2.429962158203125,0.478515625,1.2860107421875
2023-12-16 16:06:00.483637,/muse/gyro,2.579498291015625,0.3887939453125,1.55517578125
2023-12-16 16:06:00.483637,/muse/gyro,2.489776611328125,-0.22430419921875,1.772003173828125
2023-12-16 16:06:00.483637,/muse/gyro,2.160797119140625,-1.128997802734375,1.712188720703125
2023-12-16 16:06:00.546208,/muse/gyro,1.846771240234375,-1.80938720703125,1.861724853515625
2023-12-16 16:06:00.546208,/muse/gyro,1.667327880859375,-2.34771728515625,1.831817626953125
2023-12-16 16:06:00.546208,/muse/gyro,2.041168212890625,-2.370147705078125,2.220611572265625
2023-12-16 16:06:00.611059,/muse/gyro,2.99072265625,-2.19818115234375,2.863616943359375
2023-12-16 16:06:00.611591,/muse/gyro,2.549591064453125,-2.1832275390625,2.452392578125
2023-12-16 16:06:00.611591,/muse/gyro,3.0206298828125,-2.43743896484375,3.327178955078125
2023-12-16 16:06:00.676933,/muse/gyro,3.39447021484375,-1.891632080078125,3.790740966796875
2023-12-16 16:06:00.676933,/muse/gyro,3.237457275390625,-2.22808837890625,3.551483154296875
2023-12-16 16:06:00.677933,/muse/gyro,3.349609375,-1.4056396484375,3.8580322265625
2023-12-16 16:06:00.722938,/muse/gyro,3.566436767578125,-1.06170654296875,3.6187744140625
2023-12-16 16:06:00.722938,/muse/gyro,3.48419189453125,-0.665435791015625,3.222503662109375
2023-12-16 16:06:00.723937,/muse/gyro,3.54400634765625,-0.82244873046875,3.48419189453125
2023-12-16 16:06:00.782069,/muse/gyro,3.63372802734375,-0.777587890625,2.998199462890625
2023-12-16 16:06:00.782069,/muse/gyro,3.03558349609375,-0.7476806640625,2.370147705078125
2023-12-16 16:06:00.782069,/muse/gyro,2.803802490234375,-0.590667724609375,1.9439697265625
2023-12-16 16:06:00.826658,/muse/gyro,3.327178955078125,-0.306549072265625,2.46734619140625
2023-12-16 16:06:00.826658,/muse/gyro,2.87109375,0.007476806640625,2.370147705078125
2023-12-16 16:06:00.826658,/muse/gyro,2.983245849609375,-0.657958984375,2.07855224609375
2023-12-16 16:06:00.892073,/muse/gyro,2.6019287109375,-0.19439697265625,2.213134765625
2023-12-16 16:06:00.892073,/muse/gyro,2.714080810546875,-0.7476806640625,2.34771728515625
2023-12-16 16:06:00.893080,/muse/gyro,2.609405517578125,-0.3887939453125,2.13836669921875
2023-12-16 16:06:00.957764,/muse/gyro,2.190704345703125,-0.725250244140625,2.041168212890625
2023-12-16 16:06:00.957764,/muse/gyro,1.89910888671875,-0.710296630859375,1.7645263671875
2023-12-16 16:06:00.957764,/muse/gyro,1.368255615234375,-0.665435791015625,1.48040771484375
2023-12-16 16:06:01.003664,/muse/gyro,0.949554443359375,-0.844879150390625,1.33087158203125
2023-12-16 16:06:01.004665,/muse/gyro,1.7645263671875,-1.114044189453125,1.5850830078125
2023-12-16 16:06:01.004665,/muse/gyro,1.2860107421875,-0.91217041015625,1.30096435546875
2023-12-16 16:06:01.064658,/muse/gyro,2.071075439453125,-0.844879150390625,1.734619140625
2023-12-16 16:06:01.065658,/muse/gyro,2.37762451171875,-0.007476806640625,1.757049560546875
2023-12-16 16:06:01.065658,/muse/gyro,2.400054931640625,-0.2392578125,1.55517578125
2023-12-16 16:06:01.126811,/muse/gyro,3.06549072265625,0.4486083984375,2.549591064453125
2023-12-16 16:06:01.127812,/muse/gyro,2.639312744140625,0.179443359375,2.130889892578125
2023-12-16 16:06:01.127812,/muse/gyro,3.401947021484375,0.3887939453125,3.342132568359375
2023-12-16 16:06:01.196715,/muse/gyro,3.69354248046875,-0.216827392578125,3.581390380859375
2023-12-16 16:06:01.196715,/muse/gyro,3.760833740234375,0.291595458984375,3.90289306640625
2023-12-16 16:06:01.197716,/muse/gyro,3.0804443359375,-1.293487548828125,3.1103515625
2023-12-16 16:06:01.232617,/muse/gyro,2.07855224609375,-1.60003662109375,1.996307373046875
2023-12-16 16:06:01.232617,/muse/gyro,1.55517578125,-1.60003662109375,0.91217041015625
2023-12-16 16:06:01.232617,/muse/gyro,1.697235107421875,-1.36077880859375,0.396270751953125
2023-12-16 16:06:01.297015,/muse/gyro,1.9439697265625,-1.30096435546875,0.0897216796875
2023-12-16 16:06:01.297015,/muse/gyro,2.01873779296875,-1.45050048828125,-0.0897216796875
2023-12-16 16:06:01.297015,/muse/gyro,2.220611572265625,-1.1065673828125,-0.366363525390625
2023-12-16 16:06:01.361958,/muse/gyro,2.355194091796875,-0.2093505859375,0.01495361328125
2023-12-16 16:06:01.361958,/muse/gyro,2.67669677734375,0.171966552734375,0.31402587890625
2023-12-16 16:06:01.362964,/muse/gyro,2.82623291015625,-0.0299072265625,0.814971923828125
2023-12-16 16:06:01.454597,/muse/gyro,2.878570556640625,-0.31402587890625,1.428070068359375
2023-12-16 16:06:01.454597,/muse/gyro,3.641204833984375,-0.85235595703125,2.4822998046875
2023-12-16 16:06:01.454597,/muse/gyro,3.2000732421875,-0.680389404296875,1.9140625
2023-12-16 16:06:01.489482,/muse/gyro,3.087921142578125,-1.31591796875,2.235565185546875
2023-12-16 16:06:01.490985,/muse/gyro,3.641204833984375,-0.94207763671875,2.564544677734375
2023-12-16 16:06:01.490985,/muse/gyro,3.147735595703125,-1.65985107421875,2.1832275390625
2023-12-16 16:06:01.531063,/muse/gyro,3.5888671875,-1.83929443359375,3.072967529296875
2023-12-16 16:06:01.531063,/muse/gyro,3.648681640625,-1.742095947265625,3.9776611328125
2023-12-16 16:06:01.531608,/muse/gyro,3.170166015625,-2.332763671875,4.403839111328125
2023-12-16 16:06:01.591701,/muse/gyro,1.435546875,-5.63751220703125,5.2935791015625
2023-12-16 16:06:01.592707,/muse/gyro,2.415008544921875,-4.02252197265625,4.5758056640625
2023-12-16 16:06:01.592707,/muse/gyro,1.786956787109375,-5.203857421875,5.001983642578125
2023-12-16 16:06:01.657506,/muse/gyro,-1.891632080078125,-3.170166015625,13.690032958984375
2023-12-16 16:06:01.657506,/muse/gyro,0.471038818359375,-4.41131591796875,7.035675048828125
2023-12-16 16:06:01.657506,/muse/gyro,-4.598236083984375,-5.659942626953125,23.963165283203125
2023-12-16 16:06:01.720845,/muse/gyro,-7.065582275390625,-10.2581787109375,34.116668701171875
2023-12-16 16:06:01.720845,/muse/gyro,-8.673095703125,-14.632110595703125,43.67950439453125
2023-12-16 16:06:01.721851,/muse/gyro,-9.024505615234375,-18.28826904296875,52.838592529296875
2023-12-16 16:06:01.763804,/muse/gyro,-10.893707275390625,-17.80975341796875,61.3397216796875
2023-12-16 16:06:01.764806,/muse/gyro,-11.94793701171875,-14.766693115234375,57.960205078125
2023-12-16 16:06:01.764806,/muse/gyro,-9.70489501953125,-19.45465087890625,59.69482421875
2023-12-16 16:06:01.830613,/muse/gyro,-11.185302734375,-11.484375,52.255401611328125
2023-12-16 16:06:01.830613,/muse/gyro,-6.572113037109375,-6.721649169921875,37.92236328125
2023-12-16 16:06:01.830613,/muse/gyro,-9.1815185546875,-8.979644775390625,45.2496337890625
2023-12-16 16:06:01.875746,/muse/gyro,-1.472930908203125,-2.64678955078125,26.026763916015625
2023-12-16 16:06:01.875746,/muse/gyro,-3.7384033203125,-4.41131591796875,31.56707763671875
2023-12-16 16:06:01.875746,/muse/gyro,-0.13458251953125,-1.428070068359375,21.21917724609375
2023-12-16 16:06:01.940601,/muse/gyro,0.79254150390625,-0.07476806640625,12.5311279296875
2023-12-16 16:06:01.940601,/muse/gyro,0.3887939453125,-0.456085205078125,16.635894775390625
2023-12-16 16:06:01.941107,/muse/gyro,2.011260986328125,0.605621337890625,9.43572998046875
2023-12-16 16:06:01.998957,/muse/gyro,3.72344970703125,1.218719482421875,7.7459716796875
2023-12-16 16:06:01.998957,/muse/gyro,4.9346923828125,1.712188720703125,6.280517578125
2023-12-16 16:06:01.998957,/muse/gyro,5.286102294921875,2.175750732421875,5.360870361328125
2023-12-16 16:06:02.060733,/muse/gyro,4.9346923828125,1.95892333984375,4.29168701171875
2023-12-16 16:06:02.060733,/muse/gyro,4.83001708984375,1.80938720703125,4.029998779296875
2023-12-16 16:06:02.060733,/muse/gyro,4.822540283203125,1.353302001953125,4.613189697265625
2023-12-16 16:06:02.131624,/muse/gyro,4.553375244140625,0.874786376953125,5.136566162109375
2023-12-16 16:06:02.132951,/muse/gyro,3.99261474609375,1.12152099609375,5.330963134765625
2023-12-16 16:06:02.132951,/muse/gyro,3.701019287109375,1.816864013671875,5.2337646484375
2023-12-16 16:06:02.171606,/muse/gyro,3.94775390625,1.667327880859375,4.007568359375
2023-12-16 16:06:02.171606,/muse/gyro,5.5328369140625,1.98883056640625,0.5084228515625
2023-12-16 16:06:02.171606,/muse/gyro,4.66552734375,1.622467041015625,2.332763671875
2023-12-16 16:06:02.253970,/muse/gyro,6.063690185546875,3.386993408203125,-0.79254150390625
2023-12-16 16:06:02.254973,/muse/gyro,6.041259765625,3.050537109375,-0.897216796875
2023-12-16 16:06:02.254973,/muse/gyro,5.75714111328125,2.452392578125,-0.725250244140625
2023-12-16 16:06:02.297519,/muse/gyro,5.12908935546875,3.66363525390625,-1.614990234375
2023-12-16 16:06:02.298523,/muse/gyro,4.3963623046875,3.656158447265625,-2.58697509765625
2023-12-16 16:06:02.298523,/muse/gyro,4.11224365234375,3.162689208984375,-3.12530517578125
2023-12-16 16:06:02.342656,/muse/gyro,4.179534912109375,2.429962158203125,-4.08233642578125
2023-12-16 16:06:02.342656,/muse/gyro,3.775787353515625,3.12530517578125,-6.9085693359375
2023-12-16 16:06:02.342656,/muse/gyro,3.835601806640625,2.130889892578125,-5.45806884765625
2023-12-16 16:06:02.425769,/muse/gyro,4.792633056640625,4.964599609375,-8.396453857421875
2023-12-16 16:06:02.425769,/muse/gyro,6.20574951171875,7.274932861328125,-10.938568115234375
2023-12-16 16:06:02.426770,/muse/gyro,8.082427978515625,9.712371826171875,-15.3424072265625
2023-12-16 16:06:02.469506,/muse/gyro,10.325469970703125,11.46942138671875,-20.553741455078125
2023-12-16 16:06:02.469506,/muse/gyro,12.06756591796875,11.925506591796875,-25.540771484375
2023-12-16 16:06:02.469506,/muse/gyro,13.51806640625,12.2918701171875,-29.189453125
2023-12-16 16:06:02.530913,/muse/gyro,14.632110595703125,12.583465576171875,-31.83624267578125
2023-12-16 16:06:02.530913,/muse/gyro,15.110626220703125,12.359161376953125,-33.2867431640625
2023-12-16 16:06:02.531819,/muse/gyro,15.230255126953125,11.64886474609375,-33.555908203125
2023-12-16 16:06:02.597054,/muse/gyro,14.751739501953125,10.0787353515625,-32.61383056640625
2023-12-16 16:06:02.598054,/muse/gyro,13.75732421875,8.291778564453125,-31.11846923828125
2023-12-16 16:06:02.598054,/muse/gyro,12.1124267578125,6.960906982421875,-29.08477783203125
2023-12-16 16:06:02.643121,/muse/gyro,10.430145263671875,6.273040771484375,-26.415557861328125
2023-12-16 16:06:02.643121,/muse/gyro,7.454376220703125,5.973968505859375,-20.11260986328125
2023-12-16 16:06:02.643121,/muse/gyro,8.92730712890625,5.90667724609375,-23.335113525390625
2023-12-16 16:06:02.706108,/muse/gyro,6.10107421875,6.26556396484375,-16.441497802734375
2023-12-16 16:06:02.707109,/muse/gyro,5.061798095703125,6.7291259765625,-12.93487548828125
2023-12-16 16:06:02.707109,/muse/gyro,4.4561767578125,7.050628662109375,-9.383392333984375
2023-12-16 16:06:02.768642,/muse/gyro,4.59075927734375,6.98333740234375,-5.884246826171875
2023-12-16 16:06:02.768642,/muse/gyro,4.66552734375,6.243133544921875,-2.7813720703125
2023-12-16 16:06:02.769644,/muse/gyro,4.41131591796875,4.94964599609375,-0.530853271484375
2023-12-16 16:06:02.817155,/muse/gyro,3.925323486328125,3.409423828125,1.03179931640625
2023-12-16 16:06:02.817155,/muse/gyro,3.222503662109375,2.743988037109375,2.145843505859375
2023-12-16 16:06:02.817155,/muse/gyro,2.669219970703125,2.325286865234375,2.88604736328125
2023-12-16 16:06:02.878940,/muse/gyro,2.930908203125,1.33087158203125,4.015045166015625
2023-12-16 16:06:02.879938,/muse/gyro,2.519683837890625,1.8841552734375,3.72344970703125
2023-12-16 16:06:02.879938,/muse/gyro,3.72344970703125,1.188812255859375,4.6356201171875
2023-12-16 16:06:02.942618,/muse/gyro,4.32159423828125,1.54022216796875,5.256195068359375
2023-12-16 16:06:02.942618,/muse/gyro,3.955230712890625,2.1533203125,5.6524658203125
2023-12-16 16:06:02.942618,/muse/gyro,3.401947021484375,2.2430419921875,5.99639892578125
2023-12-16 16:06:03.005841,/muse/gyro,3.03558349609375,1.577606201171875,6.220703125
2023-12-16 16:06:03.005841,/muse/gyro,2.49725341796875,0.657958984375,6.183319091796875
2023-12-16 16:06:03.006845,/muse/gyro,1.772003173828125,0.37384033203125,5.659942626953125
2023-12-16 16:06:03.052058,/muse/gyro,1.80938720703125,0.10467529296875,4.88983154296875
2023-12-16 16:06:03.052058,/muse/gyro,1.667327880859375,0.2691650390625,4.149627685546875
2023-12-16 16:06:03.053441,/muse/gyro,1.772003173828125,0.13458251953125,3.372039794921875
2023-12-16 16:06:03.112739,/muse/gyro,1.966400146484375,-0.306549072265625,2.811279296875
2023-12-16 16:06:03.112739,/muse/gyro,2.3626708984375,-1.256103515625,3.028106689453125
2023-12-16 16:06:03.112739,/muse/gyro,2.429962158203125,-2.61688232421875,3.117828369140625
2023-12-16 16:06:03.157797,/muse/gyro,1.4056396484375,-2.6019287109375,2.669219970703125
2023-12-16 16:06:03.157797,/muse/gyro,0.91217041015625,-2.1234130859375,2.6617431640625
2023-12-16 16:06:03.157797,/muse/gyro,2.25799560546875,-2.938385009765625,2.863616943359375
2023-12-16 16:06:03.223022,/muse/gyro,0.859832763671875,-1.8243408203125,2.61688232421875
2023-12-16 16:06:03.223022,/muse/gyro,1.5252685546875,-1.89910888671875,3.27484130859375
2023-12-16 16:06:03.223022,/muse/gyro,1.263580322265625,-2.056121826171875,2.82623291015625
2023-12-16 16:06:03.289175,/muse/gyro,1.95892333984375,-1.4654541015625,3.78326416015625
2023-12-16 16:06:03.289175,/muse/gyro,1.495361328125,-1.614990234375,3.46923828125
2023-12-16 16:06:03.289175,/muse/gyro,2.452392578125,-1.188812255859375,4.246826171875
2023-12-16 16:06:03.354874,/muse/gyro,3.27484130859375,-1.099090576171875,5.323486328125
2023-12-16 16:06:03.354874,/muse/gyro,2.953338623046875,-1.21124267578125,4.867401123046875
2023-12-16 16:06:03.355874,/muse/gyro,2.953338623046875,-1.5252685546875,4.90478515625
2023-12-16 16:06:03.412652,/muse/gyro,3.0206298828125,-1.79443359375,4.822540283203125
2023-12-16 16:06:03.412652,/muse/gyro,3.06549072265625,-2.392578125,4.643096923828125
2023-12-16 16:06:03.412652,/muse/gyro,2.91595458984375,-3.028106689453125,3.955230712890625
2023-12-16 16:06:03.473753,/muse/gyro,2.340240478515625,-3.222503662109375,3.297271728515625
2023-12-16 16:06:03.473753,/muse/gyro,1.532745361328125,-2.7215576171875,2.930908203125
2023-12-16 16:06:03.474765,/muse/gyro,1.83929443359375,-2.250518798828125,3.24493408203125
2023-12-16 16:06:03.523674,/muse/gyro,2.220611572265625,-1.413116455078125,3.835601806640625
2023-12-16 16:06:03.524674,/muse/gyro,2.086029052734375,-0.874786376953125,3.461761474609375
2023-12-16 16:06:03.524674,/muse/gyro,2.100982666015625,-1.712188720703125,3.90289306640625
2023-12-16 16:06:03.604675,/muse/gyro,2.6019287109375,-1.143951416015625,2.938385009765625
2023-12-16 16:06:03.604675,/muse/gyro,2.220611572265625,-0.500946044921875,3.282318115234375
2023-12-16 16:06:03.604675,/muse/gyro,2.5421142578125,-0.665435791015625,3.177642822265625
2023-12-16 16:06:03.630900,/muse/gyro,2.908477783203125,-0.73272705078125,2.325286865234375
2023-12-16 16:06:03.630900,/muse/gyro,2.863616943359375,-1.577606201171875,2.280426025390625
2023-12-16 16:06:03.630900,/muse/gyro,2.654266357421875,-1.5850830078125,2.549591064453125
2023-12-16 16:06:03.691817,/muse/gyro,2.79632568359375,-0.067291259765625,1.9439697265625
2023-12-16 16:06:03.692818,/muse/gyro,2.19818115234375,0.25421142578125,1.263580322265625
2023-12-16 16:06:03.692818,/muse/gyro,2.100982666015625,0.299072265625,1.398162841796875
2023-12-16 16:06:03.761973,/muse/gyro,2.452392578125,0.61309814453125,1.727142333984375
2023-12-16 16:06:03.761973,/muse/gyro,2.415008544921875,0.3289794921875,1.6748046875
2023-12-16 16:06:03.762978,/muse/gyro,2.58697509765625,0.5682373046875,1.8243408203125
2023-12-16 16:06:03.825653,/muse/gyro,2.58697509765625,0.2093505859375,1.757049560546875
2023-12-16 16:06:03.826652,/muse/gyro,2.67669677734375,-0.261688232421875,2.213134765625
2023-12-16 16:06:03.826652,/muse/gyro,2.803802490234375,-0.560760498046875,2.3626708984375
2023-12-16 16:06:03.888564,/muse/gyro,2.848663330078125,-0.934600830078125,2.519683837890625
2023-12-16 16:06:03.888564,/muse/gyro,3.21502685546875,-0.964508056640625,2.811279296875
2023-12-16 16:06:03.888564,/muse/gyro,3.289794921875,-0.964508056640625,3.282318115234375
2023-12-16 16:06:03.930664,/muse/gyro,3.1402587890625,-0.95703125,3.3197021484375
2023-12-16 16:06:03.930664,/muse/gyro,3.1103515625,-0.889739990234375,2.773895263671875
2023-12-16 16:06:03.930664,/muse/gyro,2.58697509765625,-1.27105712890625,2.6617431640625
2023-12-16 16:06:04.000973,/muse/gyro,2.579498291015625,-1.039276123046875,2.5421142578125
2023-12-16 16:06:04.002053,/muse/gyro,2.758941650390625,-1.263580322265625,2.534637451171875
2023-12-16 16:06:04.002053,/muse/gyro,2.79632568359375,-0.94207763671875,2.534637451171875
2023-12-16 16:06:04.057437,/muse/gyro,2.49725341796875,-0.785064697265625,2.100982666015625
2023-12-16 16:06:04.057437,/muse/gyro,2.280426025390625,-0.381317138671875,1.816864013671875
2023-12-16 16:06:04.058437,/muse/gyro,2.13836669921875,-0.1495361328125,1.4654541015625
2023-12-16 16:06:04.123617,/muse/gyro,2.130889892578125,-0.276641845703125,1.435546875
2023-12-16 16:06:04.123617,/muse/gyro,1.8243408203125,-0.291595458984375,1.562652587890625
2023-12-16 16:06:04.124617,/muse/gyro,2.01873779296875,-0.291595458984375,1.876678466796875
2023-12-16 16:06:04.166005,/muse/gyro,1.712188720703125,-0.299072265625,1.876678466796875
2023-12-16 16:06:04.166005,/muse/gyro,1.278533935546875,-0.94207763671875,1.4056396484375
2023-12-16 16:06:04.166005,/muse/gyro,1.413116455078125,-0.635528564453125,1.457977294921875
2023-12-16 16:06:04.234876,/muse/gyro,1.45050048828125,-1.039276123046875,1.54022216796875
2023-12-16 16:06:04.234876,/muse/gyro,2.572021484375,-0.635528564453125,2.310333251953125
2023-12-16 16:06:04.235876,/muse/gyro,2.07855224609375,-0.82244873046875,2.026214599609375
2023-12-16 16:06:04.277806,/muse/gyro,2.6019287109375,-0.650482177734375,2.400054931640625
2023-12-16 16:06:04.277806,/muse/gyro,2.160797119140625,-0.897216796875,2.2430419921875
2023-12-16 16:06:04.277806,/muse/gyro,1.921539306640625,-1.016845703125,2.011260986328125
2023-12-16 16:06:04.341805,/muse/gyro,1.9439697265625,-0.829925537109375,2.041168212890625
2023-12-16 16:06:04.341805,/muse/gyro,1.951446533203125,-0.919647216796875,2.026214599609375
2023-12-16 16:06:04.341805,/muse/gyro,1.80938720703125,-1.1962890625,1.607513427734375
2023-12-16 16:06:04.404127,/muse/gyro,1.667327880859375,-1.293487548828125,1.48040771484375
2023-12-16 16:06:04.404127,/muse/gyro,1.854248046875,-1.27105712890625,1.39068603515625
2023-12-16 16:06:04.404127,/muse/gyro,1.786956787109375,-1.158905029296875,1.158905029296875
2023-12-16 16:06:04.475198,/muse/gyro,1.77947998046875,-1.48040771484375,0.73272705078125
2023-12-16 16:06:04.475198,/muse/gyro,2.25799560546875,-2.534637451171875,1.084136962890625
2023-12-16 16:06:04.475198,/muse/gyro,1.734619140625,-2.25799560546875,0.590667724609375
2023-12-16 16:06:04.532962,/muse/gyro,2.325286865234375,-2.190704345703125,1.398162841796875
2023-12-16 16:06:04.532962,/muse/gyro,1.996307373046875,-2.03369140625,1.637420654296875
2023-12-16 16:06:04.532962,/muse/gyro,2.28790283203125,-1.74957275390625,1.562652587890625
2023-12-16 16:06:04.579115,/muse/gyro,1.6448974609375,-2.415008544921875,2.310333251953125
2023-12-16 16:06:04.579115,/muse/gyro,1.338348388671875,-2.55706787109375,2.49725341796875
2023-12-16 16:06:04.579115,/muse/gyro,0.859832763671875,-2.04864501953125,2.6019287109375
2023-12-16 16:06:04.664087,/muse/gyro,0.351409912109375,-1.00189208984375,2.086029052734375
2023-12-16 16:06:04.664087,/muse/gyro,0.082244873046875,-0.35888671875,0.515899658203125
2023-12-16 16:06:04.664087,/muse/gyro,0.127105712890625,-0.471038818359375,1.5252685546875
2023-12-16 16:06:04.692055,/muse/gyro,0.5084228515625,-0.575714111328125,-1.233673095703125
2023-12-16 16:06:04.692055,/muse/gyro,0.34393310546875,-0.538330078125,-0.43365478515625
2023-12-16 16:06:04.693059,/muse/gyro,0.635528564453125,-0.695343017578125,-1.413116455078125
2023-12-16 16:06:04.754525,/muse/gyro,1.039276123046875,0.411224365234375,0.605621337890625
2023-12-16 16:06:04.754525,/muse/gyro,1.1663818359375,0.067291259765625,-0.0897216796875
2023-12-16 16:06:04.754525,/muse/gyro,1.054229736328125,-0.538330078125,-0.964508056640625
2023-12-16 16:06:04.815851,/muse/gyro,0.695343017578125,1.278533935546875,1.734619140625
2023-12-16 16:06:04.815851,/muse/gyro,0.6280517578125,1.099090576171875,1.54022216796875
2023-12-16 16:06:04.815851,/muse/gyro,0.545806884765625,0.83740234375,1.188812255859375
2023-12-16 16:06:04.859606,/muse/gyro,0.725250244140625,1.383209228515625,1.60003662109375
2023-12-16 16:06:04.859606,/muse/gyro,0.874786376953125,1.936492919921875,1.338348388671875
2023-12-16 16:06:04.859606,/muse/gyro,0.949554443359375,2.01873779296875,0.949554443359375
2023-12-16 16:06:04.926034,/muse/gyro,0.91217041015625,1.39068603515625,0.186920166015625
2023-12-16 16:06:04.926034,/muse/gyro,0.8074951171875,0.76263427734375,-0.10467529296875
2023-12-16 16:06:04.926034,/muse/gyro,0.710296630859375,0.560760498046875,0.097198486328125
2023-12-16 16:06:04.986252,/muse/gyro,1.3458251953125,0.261688232421875,0.22430419921875
2023-12-16 16:06:04.986252,/muse/gyro,2.1533203125,-0.246734619140625,0.8673095703125
2023-12-16 16:06:04.986252,/muse/gyro,2.2430419921875,-0.844879150390625,1.4654541015625
2023-12-16 16:06:05.049813,/muse/gyro,2.250518798828125,-1.495361328125,1.697235107421875
2023-12-16 16:06:05.049813,/muse/gyro,1.6748046875,-1.8243408203125,2.34771728515625
2023-12-16 16:06:05.049813,/muse/gyro,1.383209228515625,-1.136474609375,2.489776611328125
2023-12-16 16:06:05.113573,/muse/gyro,0.5682373046875,0.73272705078125,1.637420654296875
2023-12-16 16:06:05.114568,/muse/gyro,0.85235595703125,-0.35888671875,2.250518798828125
2023-12-16 16:06:05.114568,/muse/gyro,0.46356201171875,1.95892333984375,0.919647216796875
2023-12-16 16:06:05.182817,/muse/gyro,0.0897216796875,3.043060302734375,-0.216827392578125
2023-12-16 16:06:05.182817,/muse/gyro,-0.538330078125,3.641204833984375,-1.375732421875
2023-12-16 16:06:05.183817,/muse/gyro,-1.622467041015625,3.865509033203125,-2.265472412109375
2023-12-16 16:06:05.264015,/muse/gyro,-2.729034423828125,3.476715087890625,-2.594451904296875
2023-12-16 16:06:05.264015,/muse/gyro,-2.49725341796875,4.0673828125,-2.691650390625
2023-12-16 16:06:05.264015,/muse/gyro,-2.669219970703125,3.4393310546875,-1.772003173828125
2023-12-16 16:06:05.284765,/muse/gyro,-1.80938720703125,3.15521240234375,-1.173858642578125
2023-12-16 16:06:05.284765,/muse/gyro,-1.308441162109375,2.51220703125,-0.650482177734375
2023-12-16 16:06:05.284765,/muse/gyro,-2.190704345703125,3.409423828125,-1.4654541015625
2023-12-16 16:06:05.346031,/muse/gyro,-0.79254150390625,1.966400146484375,-0.0299072265625
2023-12-16 16:06:05.346031,/muse/gyro,-0.73272705078125,1.607513427734375,-0.052337646484375
2023-12-16 16:06:05.347031,/muse/gyro,-0.725250244140625,1.6448974609375,0.022430419921875
2023-12-16 16:06:05.394746,/muse/gyro,-0.73272705078125,1.906585693359375,0.49346923828125
2023-12-16 16:06:05.394746,/muse/gyro,-1.136474609375,1.7047119140625,0.19439697265625
2023-12-16 16:06:05.394746,/muse/gyro,0.0299072265625,2.332763671875,1.07666015625
2023-12-16 16:06:05.461037,/muse/gyro,0.770111083984375,2.452392578125,1.24114990234375
2023-12-16 16:06:05.461037,/muse/gyro,0.665435791015625,3.6785888671875,0.545806884765625
2023-12-16 16:06:05.461539,/muse/gyro,0.785064697265625,3.03558349609375,0.9869384765625
2023-12-16 16:06:05.500024,/muse/gyro,0.545806884765625,4.329071044921875,0.306549072265625
2023-12-16 16:06:05.501024,/muse/gyro,0.07476806640625,4.478607177734375,0.097198486328125
2023-12-16 16:06:05.501704,/muse/gyro,0.2093505859375,4.17205810546875,-0.052337646484375
2023-12-16 16:06:05.564639,/muse/gyro,1.1663818359375,3.327178955078125,1.68975830078125
2023-12-16 16:06:05.564639,/muse/gyro,0.07476806640625,4.403839111328125,0.291595458984375
2023-12-16 16:06:05.565637,/muse/gyro,0.52337646484375,4.224395751953125,0.889739990234375
2023-12-16 16:06:05.631606,/muse/gyro,2.34771728515625,2.340240478515625,2.594451904296875
2023-12-16 16:06:05.631606,/muse/gyro,2.893524169921875,1.614990234375,2.923431396484375
2023-12-16 16:06:05.632611,/muse/gyro,2.400054931640625,1.742095947265625,2.75146484375
2023-12-16 16:06:05.694621,/muse/gyro,2.579498291015625,2.7215576171875,3.2598876953125
2023-12-16 16:06:05.694621,/muse/gyro,3.087921142578125,4.852447509765625,3.7982177734375
2023-12-16 16:06:05.694621,/muse/gyro,2.758941650390625,7.40203857421875,3.372039794921875
2023-12-16 16:06:05.758675,/muse/gyro,2.16827392578125,8.919830322265625,1.80938720703125
2023-12-16 16:06:05.758675,/muse/gyro,2.37762451171875,7.2076416015625,-0.844879150390625
2023-12-16 16:06:05.759674,/muse/gyro,1.83929443359375,8.740386962890625,0.306549072265625
2023-12-16 16:06:05.800001,/muse/gyro,2.938385009765625,5.57769775390625,-1.054229736328125
2023-12-16 16:06:05.800001,/muse/gyro,4.254302978515625,3.850555419921875,0.037384033203125
2023-12-16 16:06:05.801001,/muse/gyro,5.226287841796875,2.938385009765625,1.62994384765625
2023-12-16 16:06:05.885786,/muse/gyro,6.3104248046875,2.73651123046875,4.164581298828125
2023-12-16 16:06:05.885786,/muse/gyro,5.921630859375,2.684173583984375,2.73651123046875
2023-12-16 16:06:05.885786,/muse/gyro,6.400146484375,2.923431396484375,4.987030029296875
2023-12-16 16:06:05.907996,/muse/gyro,5.802001953125,3.043060302734375,4.942169189453125
2023-12-16 16:06:05.908995,/muse/gyro,4.658050537109375,3.36456298828125,4.299163818359375
2023-12-16 16:06:05.908995,/muse/gyro,3.349609375,3.81317138671875,2.459869384765625
2023-12-16 16:06:05.995453,/muse/gyro,2.4822998046875,3.54400634765625,0.34393310546875
2023-12-16 16:06:05.995453,/muse/gyro,2.0635986328125,3.18511962890625,-2.370147705078125
2023-12-16 16:06:05.995453,/muse/gyro,2.34771728515625,3.21502685546875,-1.18133544921875
2023-12-16 16:06:06.053173,/muse/gyro,1.9439697265625,3.312225341796875,-3.342132568359375
2023-12-16 16:06:06.053173,/muse/gyro,2.175750732421875,2.6318359375,-3.72344970703125
2023-12-16 16:06:06.053173,/muse/gyro,2.13836669921875,3.51409912109375,-3.00567626953125
2023-12-16 16:06:06.118729,/muse/gyro,2.94586181640625,-0.157012939453125,-3.656158447265625
2023-12-16 16:06:06.118729,/muse/gyro,2.51220703125,1.143951416015625,-3.99261474609375
2023-12-16 16:06:06.119534,/muse/gyro,3.99261474609375,-1.48040771484375,-2.91595458984375
2023-12-16 16:06:06.183959,/muse/gyro,5.076751708984375,-2.220611572265625,-1.472930908203125
2023-12-16 16:06:06.184959,/muse/gyro,5.69732666015625,-2.534637451171875,0.777587890625
2023-12-16 16:06:06.184959,/muse/gyro,5.5328369140625,-2.609405517578125,-0.366363525390625
2023-12-16 16:06:06.224010,/muse/gyro,5.39825439453125,-1.256103515625,2.938385009765625
2023-12-16 16:06:06.225009,/muse/gyro,5.66741943359375,-2.70660400390625,1.7047119140625
2023-12-16 16:06:06.225009,/muse/gyro,5.525360107421875,-2.3028564453125,2.40753173828125
2023-12-16 16:06:06.265612,/muse/gyro,4.8748779296875,-0.261688232421875,2.87109375
2023-12-16 16:06:06.265612,/muse/gyro,4.20196533203125,0.418701171875,2.250518798828125
2023-12-16 16:06:06.266614,/muse/gyro,3.60382080078125,0.7177734375,1.487884521484375
2023-12-16 16:06:06.336911,/muse/gyro,3.327178955078125,0.306549072265625,0.366363525390625
2023-12-16 16:06:06.336911,/muse/gyro,3.1103515625,0.299072265625,-0.037384033203125
2023-12-16 16:06:06.336911,/muse/gyro,3.42437744140625,0.396270751953125,0.6878662109375
2023-12-16 16:06:06.397197,/muse/gyro,2.31781005859375,0.142059326171875,-0.530853271484375
2023-12-16 16:06:06.397197,/muse/gyro,2.82623291015625,0.13458251953125,-0.478515625
2023-12-16 16:06:06.398197,/muse/gyro,2.43743896484375,0.276641845703125,-0.485992431640625
2023-12-16 16:06:06.455946,/muse/gyro,3.0804443359375,-0.112152099609375,0.538330078125
2023-12-16 16:06:06.455946,/muse/gyro,3.349609375,-0.411224365234375,1.57012939453125
2023-12-16 16:06:06.455946,/muse/gyro,3.028106689453125,-0.112152099609375,2.400054931640625
2023-12-16 16:06:06.520952,/muse/gyro,2.190704345703125,2.654266357421875,3.401947021484375
2023-12-16 16:06:06.520952,/muse/gyro,2.190704345703125,3.177642822265625,4.0972900390625
2023-12-16 16:06:06.522037,/muse/gyro,2.474822998046875,1.1962890625,2.87109375
2023-12-16 16:06:06.570954,/muse/gyro,2.55706787109375,2.82623291015625,4.388885498046875
2023-12-16 16:06:06.570954,/muse/gyro,2.452392578125,3.050537109375,4.403839111328125
2023-12-16 16:06:06.570954,/muse/gyro,2.878570556640625,2.7215576171875,4.2767333984375
2023-12-16 16:06:06.627616,/muse/gyro,2.85614013671875,2.654266357421875,3.671112060546875
2023-12-16 16:06:06.628616,/muse/gyro,2.55706787109375,2.190704345703125,2.9010009765625
2023-12-16 16:06:06.628616,/muse/gyro,2.43743896484375,1.79443359375,2.2430419921875
2023-12-16 16:06:06.675054,/muse/gyro,3.536529541015625,1.487884521484375,1.74957275390625
2023-12-16 16:06:06.676054,/muse/gyro,3.461761474609375,1.06170654296875,1.15142822265625
2023-12-16 16:06:06.676054,/muse/gyro,3.170166015625,1.398162841796875,1.876678466796875
2023-12-16 16:06:06.732035,/muse/gyro,3.48419189453125,0.306549072265625,0.777587890625
2023-12-16 16:06:06.732035,/muse/gyro,3.33465576171875,0.426177978515625,0.800018310546875
2023-12-16 16:06:06.733100,/muse/gyro,3.45428466796875,0.61309814453125,0.73272705078125
2023-12-16 16:06:06.801011,/muse/gyro,3.551483154296875,0.8673095703125,1.188812255859375
2023-12-16 16:06:06.801011,/muse/gyro,3.12530517578125,0.70281982421875,0.8673095703125
2023-12-16 16:06:06.802051,/muse/gyro,3.895416259765625,0.919647216796875,1.5850830078125
2023-12-16 16:06:06.860075,/muse/gyro,3.99261474609375,1.158905029296875,2.190704345703125
2023-12-16 16:06:06.860075,/muse/gyro,3.925323486328125,1.128997802734375,2.10845947265625
2023-12-16 16:06:06.860075,/muse/gyro,3.940277099609375,1.495361328125,2.175750732421875
2023-12-16 16:06:06.922641,/muse/gyro,3.491668701171875,1.2860107421875,1.727142333984375
2023-12-16 16:06:06.922641,/muse/gyro,3.043060302734375,0.34393310546875,1.3458251953125
2023-12-16 16:06:06.922641,/muse/gyro,3.805694580078125,1.65985107421875,1.973876953125
2023-12-16 16:06:06.988429,/muse/gyro,2.8411865234375,-0.55328369140625,0.88226318359375
2023-12-16 16:06:06.988429,/muse/gyro,2.893524169921875,-0.34393310546875,0.88226318359375
2023-12-16 16:06:06.989432,/muse/gyro,2.691650390625,-0.88226318359375,0.73272705078125
2023-12-16 16:06:07.050764,/muse/gyro,2.5421142578125,-1.173858642578125,0.800018310546875
2023-12-16 16:06:07.050764,/muse/gyro,2.6019287109375,-1.443023681640625,1.256103515625
2023-12-16 16:06:07.051958,/muse/gyro,2.758941650390625,-1.60003662109375,1.876678466796875
2023-12-16 16:06:07.097008,/muse/gyro,3.132781982421875,-1.921539306640625,2.459869384765625
2023-12-16 16:06:07.097008,/muse/gyro,3.850555419921875,-1.831817626953125,2.848663330078125
2023-12-16 16:06:07.098008,/muse/gyro,3.99261474609375,-1.757049560546875,2.76641845703125
2023-12-16 16:06:07.176978,/muse/gyro,4.074859619140625,-1.547698974609375,2.803802490234375
2023-12-16 16:06:07.176978,/muse/gyro,4.000091552734375,-1.256103515625,2.64678955078125
2023-12-16 16:06:07.176978,/muse/gyro,4.059906005859375,-1.3458251953125,2.91595458984375
2023-12-16 16:06:07.204661,/muse/gyro,3.476715087890625,-1.77947998046875,3.267364501953125
2023-12-16 16:06:07.204661,/muse/gyro,3.887939453125,-1.31591796875,3.461761474609375
2023-12-16 16:06:07.205667,/muse/gyro,3.768310546875,-1.772003173828125,3.46923828125
2023-12-16 16:06:07.269123,/muse/gyro,3.372039794921875,-1.383209228515625,2.983245849609375
2023-12-16 16:06:07.270124,/muse/gyro,3.1402587890625,-1.27105712890625,3.222503662109375
2023-12-16 16:06:07.270124,/muse/gyro,2.699127197265625,-1.263580322265625,2.669219970703125
2023-12-16 16:06:07.327996,/muse/gyro,3.058013916015625,-1.1663818359375,2.609405517578125
2023-12-16 16:06:07.327996,/muse/gyro,3.102874755859375,-0.919647216796875,3.117828369140625
2023-12-16 16:06:07.328995,/muse/gyro,3.289794921875,-0.59814453125,3.6187744140625
2023-12-16 16:06:07.389811,/muse/gyro,3.013153076171875,-0.814971923828125,3.63372802734375
2023-12-16 16:06:07.389811,/muse/gyro,2.91595458984375,-1.07666015625,3.54400634765625
2023-12-16 16:06:07.389811,/muse/gyro,2.79632568359375,-1.4654541015625,3.5589599609375
2023-12-16 16:06:07.454421,/muse/gyro,2.9010009765625,-0.979461669921875,3.401947021484375
2023-12-16 16:06:07.454421,/muse/gyro,2.76641845703125,-1.33087158203125,3.5888671875
2023-12-16 16:06:07.454421,/muse/gyro,2.669219970703125,-0.605621337890625,3.536529541015625
2023-12-16 16:06:07.521684,/muse/gyro,2.4822998046875,-0.16448974609375,3.715972900390625
2023-12-16 16:06:07.522688,/muse/gyro,2.923431396484375,0.28411865234375,3.42437744140625
2023-12-16 16:06:07.523688,/muse/gyro,2.639312744140625,0.037384033203125,3.506622314453125
2023-12-16 16:06:07.564899,/muse/gyro,3.050537109375,0.276641845703125,3.2598876953125
2023-12-16 16:06:07.564899,/muse/gyro,2.85614013671875,-0.007476806640625,2.893524169921875
2023-12-16 16:06:07.564899,/muse/gyro,2.729034423828125,-0.19439697265625,2.908477783203125
2023-12-16 16:06:07.689058,/muse/gyro,2.49725341796875,-1.009368896484375,2.61688232421875
2023-12-16 16:06:07.690056,/muse/gyro,2.1832275390625,-0.650482177734375,2.474822998046875
2023-12-16 16:06:07.690056,/muse/gyro,2.58697509765625,-0.889739990234375,2.818756103515625
2023-12-16 16:06:07.712641,/muse/gyro,1.51031494140625,-0.67291259765625,2.714080810546875
2023-12-16 16:06:07.713047,/muse/gyro,1.00189208984375,-0.64300537109375,2.968292236328125
2023-12-16 16:06:07.713047,/muse/gyro,1.069183349609375,-0.58319091796875,3.431854248046875
2023-12-16 16:06:07.735895,/muse/gyro,1.652374267578125,-0.91217041015625,4.388885498046875
2023-12-16 16:06:07.735895,/muse/gyro,3.87298583984375,-3.386993408203125,5.959014892578125
2023-12-16 16:06:07.735895,/muse/gyro,2.572021484375,-1.854248046875,5.323486328125
2023-12-16 16:06:07.841983,/muse/gyro,4.80010986328125,-4.957122802734375,6.80389404296875
2023-12-16 16:06:07.841983,/muse/gyro,5.72723388671875,-6.706695556640625,7.962799072265625
2023-12-16 16:06:07.841983,/muse/gyro,6.68426513671875,-7.947845458984375,10.370330810546875
2023-12-16 16:06:07.846988,/muse/gyro,6.587066650390625,-7.64129638671875,12.000274658203125
2023-12-16 16:06:07.846988,/muse/gyro,0.19439697265625,-2.564544677734375,8.9422607421875
2023-12-16 16:06:07.846988,/muse/gyro,4.239349365234375,-5.450592041015625,11.626434326171875
2023-12-16 16:06:07.907059,/muse/gyro,-4.246826171875,-1.637420654296875,3.431854248046875
2023-12-16 16:06:07.908057,/muse/gyro,-4.44122314453125,-2.878570556640625,2.504730224609375
2023-12-16 16:06:07.908057,/muse/gyro,-2.8411865234375,-0.88226318359375,5.7122802734375
2023-12-16 16:06:07.973910,/muse/gyro,-3.446807861328125,-3.880462646484375,3.050537109375
2023-12-16 16:06:07.973910,/muse/gyro,-2.370147705078125,-4.912261962890625,5.36834716796875
2023-12-16 16:06:07.975008,/muse/gyro,-1.248626708984375,-6.62445068359375,8.77777099609375
2023-12-16 16:06:08.033971,/muse/gyro,-0.321502685546875,-8.845062255859375,13.316192626953125
2023-12-16 16:06:08.033971,/muse/gyro,0.560760498046875,-10.998382568359375,21.690216064453125
2023-12-16 16:06:08.033971,/muse/gyro,0.46356201171875,-14.004058837890625,34.79705810546875
2023-12-16 16:06:08.098006,/muse/gyro,0.179443359375,-18.40789794921875,50.341339111328125
2023-12-16 16:06:08.098006,/muse/gyro,-0.620574951171875,-23.58184814453125,64.599609375
2023-12-16 16:06:08.099007,/muse/gyro,-2.51220703125,-27.522125244140625,75.50827026367188
2023-12-16 16:06:08.141140,/muse/gyro,-6.86370849609375,-25.13702392578125,82.89535522460938
2023-12-16 16:06:08.141651,/muse/gyro,-8.575897216796875,-20.045318603515625,77.99057006835938
2023-12-16 16:06:08.141651,/muse/gyro,-4.59075927734375,-27.895965576171875,81.96823120117188
2023-12-16 16:06:08.236706,/muse/gyro,-9.31610107421875,-14.99847412109375,69.5343017578125
2023-12-16 16:06:08.236706,/muse/gyro,-9.0020751953125,-10.893707275390625,60.315399169921875
2023-12-16 16:06:08.236706,/muse/gyro,-7.783355712890625,-8.05999755859375,50.117034912109375
2023-12-16 16:06:08.270712,/muse/gyro,-4.209442138671875,-3.611297607421875,28.83056640625
2023-12-16 16:06:08.270712,/muse/gyro,-1.009368896484375,-0.949554443359375,17.98919677734375
2023-12-16 16:06:08.270712,/muse/gyro,-6.50482177734375,-5.96649169921875,39.784088134765625
2023-12-16 16:06:08.336473,/muse/gyro,3.289794921875,1.68975830078125,7.768402099609375
2023-12-16 16:06:08.336473,/muse/gyro,6.71417236328125,3.267364501953125,-2.76641845703125
2023-12-16 16:06:08.337475,/muse/gyro,8.755340576171875,4.119720458984375,-12.261962890625
2023-12-16 16:06:08.378056,/muse/gyro,12.284393310546875,6.437530517578125,-28.778228759765625
2023-12-16 16:06:08.378056,/muse/gyro,10.1983642578125,4.56085205078125,-20.254669189453125
2023-12-16 16:06:08.379056,/muse/gyro,11.746063232421875,5.36834716796875,-25.83984375
2023-12-16 16:06:08.465979,/muse/gyro,12.0526123046875,6.452484130859375,-29.727783203125
2023-12-16 16:06:08.465979,/muse/gyro,11.132965087890625,5.824432373046875,-29.720306396484375
2023-12-16 16:06:08.465979,/muse/gyro,10.624542236328125,4.77020263671875,-28.942718505859375
2023-12-16 16:06:08.492933,/muse/gyro,10.534820556640625,4.284210205078125,-26.819305419921875
2023-12-16 16:06:08.492933,/muse/gyro,10.340423583984375,4.18701171875,-22.60986328125
2023-12-16 16:06:08.492933,/muse/gyro,9.562835693359375,3.8580322265625,-17.383575439453125
2023-12-16 16:06:08.551018,/muse/gyro,6.4898681640625,3.170166015625,-8.680572509765625
2023-12-16 16:06:08.551018,/muse/gyro,7.79083251953125,3.730926513671875,-12.673187255859375
2023-12-16 16:06:08.552022,/muse/gyro,5.69732666015625,1.996307373046875,-5.14404296875
2023-12-16 16:06:08.612034,/muse/gyro,4.9346923828125,1.136474609375,-2.213134765625
2023-12-16 16:06:08.612034,/muse/gyro,4.5159912109375,0.3289794921875,-0.485992431640625
2023-12-16 16:06:08.612034,/muse/gyro,4.42626953125,0.082244873046875,0.8074951171875
2023-12-16 16:06:08.678955,/muse/gyro,4.62066650390625,0.695343017578125,1.614990234375
2023-12-16 16:06:08.678955,/muse/gyro,5.809478759765625,1.9140625,1.256103515625
2023-12-16 16:06:08.678955,/muse/gyro,4.897308349609375,1.338348388671875,1.323394775390625
2023-12-16 16:06:08.739001,/muse/gyro,6.68426513671875,2.385101318359375,0.8673095703125
2023-12-16 16:06:08.739001,/muse/gyro,7.40203857421875,2.6019287109375,0.79254150390625
2023-12-16 16:06:08.739001,/muse/gyro,7.76092529296875,2.504730224609375,0.95703125
2023-12-16 16:06:08.784031,/muse/gyro,6.7889404296875,1.68975830078125,1.31591796875
2023-12-16 16:06:08.785031,/muse/gyro,7.61138916015625,1.9439697265625,1.278533935546875
2023-12-16 16:06:08.785031,/muse/gyro,5.75714111328125,1.876678466796875,1.30096435546875
2023-12-16 16:06:08.847119,/muse/gyro,4.493560791015625,1.45050048828125,1.6448974609375
2023-12-16 16:06:08.847119,/muse/gyro,4.91973876953125,1.742095947265625,1.45050048828125
2023-12-16 16:06:08.847119,/muse/gyro,3.940277099609375,1.009368896484375,2.13836669921875
2023-12-16 16:06:08.935686,/muse/gyro,3.835601806640625,0.46356201171875,2.4822998046875
2023-12-16 16:06:08.935686,/muse/gyro,3.81317138671875,0.43365478515625,2.803802490234375
2023-12-16 16:06:08.936686,/muse/gyro,4.08233642578125,0.46356201171875,3.087921142578125
2023-12-16 16:06:08.954628,/muse/gyro,4.373931884765625,0.7476806640625,3.3795166015625
2023-12-16 16:06:08.955628,/muse/gyro,4.972076416015625,0.91217041015625,3.5589599609375
2023-12-16 16:06:08.955628,/muse/gyro,5.286102294921875,0.515899658203125,3.641204833984375
2023-12-16 16:06:09.022618,/muse/gyro,5.061798095703125,0.73272705078125,3.820648193359375
2023-12-16 16:06:09.022618,/muse/gyro,5.061798095703125,0.889739990234375,3.81317138671875
2023-12-16 16:06:09.022618,/muse/gyro,4.882354736328125,0.695343017578125,3.84307861328125
2023-12-16 16:06:09.103000,/muse/gyro,4.299163818359375,0.31402587890625,3.7982177734375
2023-12-16 16:06:09.104001,/muse/gyro,3.446807861328125,-0.201873779296875,3.45428466796875
2023-12-16 16:06:09.105000,/muse/gyro,2.564544677734375,-0.381317138671875,3.1402587890625
2023-12-16 16:06:09.149042,/muse/gyro,2.13836669921875,-1.054229736328125,3.416900634765625
2023-12-16 16:06:09.150043,/muse/gyro,2.071075439453125,-0.657958984375,3.282318115234375
2023-12-16 16:06:09.150043,/muse/gyro,1.772003173828125,-0.800018310546875,3.22998046875
2023-12-16 16:06:09.215853,/muse/gyro,1.06170654296875,-0.43365478515625,2.669219970703125
2023-12-16 16:06:09.215853,/muse/gyro,0.418701171875,0.04486083984375,1.92901611328125
2023-12-16 16:06:09.216853,/muse/gyro,0.3289794921875,0.11962890625,1.742095947265625
2023-12-16 16:06:09.253848,/muse/gyro,0.43365478515625,-0.067291259765625,1.413116455078125
2023-12-16 16:06:09.253848,/muse/gyro,0.889739990234375,-0.919647216796875,1.158905029296875
2023-12-16 16:06:09.254847,/muse/gyro,0.61309814453125,-0.336456298828125,1.45050048828125
2023-12-16 16:06:09.336488,/muse/gyro,1.33087158203125,-0.40374755859375,1.21124267578125
2023-12-16 16:06:09.337491,/muse/gyro,2.49725341796875,-0.2093505859375,2.400054931640625
2023-12-16 16:06:09.337491,/muse/gyro,2.093505859375,-0.37384033203125,1.55517578125
2023-12-16 16:06:09.384069,/muse/gyro,2.534637451171875,-1.173858642578125,2.7215576171875
2023-12-16 16:06:09.384069,/muse/gyro,2.10845947265625,-1.936492919921875,2.85614013671875
2023-12-16 16:06:09.384069,/muse/gyro,1.532745361328125,-2.160797119140625,2.87109375
2023-12-16 16:06:09.431459,/muse/gyro,1.18133544921875,-2.04864501953125,2.265472412109375
2023-12-16 16:06:09.431963,/muse/gyro,1.099090576171875,-2.1234130859375,2.67669677734375
2023-12-16 16:06:09.432967,/muse/gyro,1.27105712890625,-1.6748046875,2.145843505859375
2023-12-16 16:06:09.487447,/muse/gyro,1.203765869140625,-1.256103515625,2.04864501953125
2023-12-16 16:06:09.488447,/muse/gyro,1.592559814453125,-1.413116455078125,2.220611572265625
2023-12-16 16:06:09.488447,/muse/gyro,0.904693603515625,-0.9869384765625,1.457977294921875
2023-12-16 16:06:09.548066,/muse/gyro,0.979461669921875,-0.299072265625,1.069183349609375
2023-12-16 16:06:09.548066,/muse/gyro,1.39068603515625,-0.059814453125,1.39068603515625
2023-12-16 16:06:09.548066,/muse/gyro,0.82244873046875,-0.70281982421875,0.94207763671875
2023-12-16 16:06:09.639032,/muse/gyro,1.757049560546875,0.10467529296875,2.0635986328125
2023-12-16 16:06:09.640034,/muse/gyro,1.757049560546875,-0.0897216796875,2.1234130859375
2023-12-16 16:06:09.640034,/muse/gyro,1.7047119140625,0.10467529296875,2.504730224609375
2023-12-16 16:06:09.679036,/muse/gyro,1.4056396484375,0.299072265625,2.85614013671875
2023-12-16 16:06:09.679036,/muse/gyro,1.383209228515625,0.31402587890625,3.12530517578125
2023-12-16 16:06:09.679036,/muse/gyro,1.472930908203125,0.231781005859375,3.581390380859375
2023-12-16 16:06:09.747623,/muse/gyro,1.398162841796875,0.740203857421875,3.237457275390625
2023-12-16 16:06:09.747623,/muse/gyro,1.3458251953125,1.173858642578125,2.773895263671875
2023-12-16 16:06:09.747623,/muse/gyro,0.934600830078125,0.97198486328125,2.1234130859375
2023-12-16 16:06:09.783889,/muse/gyro,0.874786376953125,0.059814453125,1.487884521484375
2023-12-16 16:06:09.784886,/muse/gyro,1.487884521484375,-1.428070068359375,0.2392578125
2023-12-16 16:06:09.784886,/muse/gyro,0.9869384765625,-0.829925537109375,0.897216796875
2023-12-16 16:06:09.845955,/muse/gyro,1.786956787109375,-1.27105712890625,0.157012939453125
2023-12-16 16:06:09.846956,/muse/gyro,2.415008544921875,-1.188812255859375,0.59814453125
2023-12-16 16:06:09.846956,/muse/gyro,2.49725341796875,-1.4654541015625,0.530853271484375
2023-12-16 16:06:09.893929,/muse/gyro,2.34771728515625,-1.562652587890625,0.665435791015625
2023-12-16 16:06:09.893929,/muse/gyro,2.145843505859375,-1.36077880859375,0.620574951171875
2023-12-16 16:06:09.893929,/muse/gyro,2.086029052734375,-1.577606201171875,0.79254150390625
2023-12-16 16:06:09.958829,/muse/gyro,1.6748046875,-1.757049560546875,0.740203857421875
2023-12-16 16:06:09.958829,/muse/gyro,1.31591796875,-2.250518798828125,0.64300537109375
2023-12-16 16:06:09.959829,/muse/gyro,1.973876953125,-2.160797119140625,0.83740234375
2023-12-16 16:06:10.037927,/muse/gyro,3.058013916015625,-2.011260986328125,2.452392578125
2023-12-16 16:06:10.038928,/muse/gyro,2.64678955078125,-1.854248046875,1.83929443359375
2023-12-16 16:06:10.038928,/muse/gyro,2.235565185546875,-2.041168212890625,1.45050048828125
2023-12-16 16:06:10.081687,/muse/gyro,3.3795166015625,-2.37762451171875,3.342132568359375
2023-12-16 16:06:10.081687,/muse/gyro,2.983245849609375,-3.222503662109375,3.887939453125
2023-12-16 16:06:10.083006,/muse/gyro,3.312225341796875,-2.8411865234375,3.760833740234375
2023-12-16 16:06:10.129831,/muse/gyro,2.392578125,-3.028106689453125,3.6187744140625
2023-12-16 16:06:10.129831,/muse/gyro,2.699127197265625,-1.95892333984375,3.372039794921875
2023-12-16 16:06:10.129831,/muse/gyro,2.3626708984375,-2.310333251953125,3.45428466796875
2023-12-16 16:06:10.190888,/muse/gyro,3.050537109375,-1.09161376953125,3.15521240234375
2023-12-16 16:06:10.191898,/muse/gyro,3.147735595703125,-0.665435791015625,2.37762451171875
2023-12-16 16:06:10.191898,/muse/gyro,3.386993408203125,-1.06170654296875,1.435546875
2023-12-16 16:06:10.252602,/muse/gyro,4.38140869140625,-2.220611572265625,1.562652587890625
2023-12-16 16:06:10.252602,/muse/gyro,4.029998779296875,-2.624359130859375,1.786956787109375
2023-12-16 16:06:10.252602,/muse/gyro,3.865509033203125,-1.577606201171875,1.375732421875
2023-12-16 16:06:10.314469,/muse/gyro,1.891632080078125,-2.6318359375,1.428070068359375
2023-12-16 16:06:10.314469,/muse/gyro,2.998199462890625,-2.6617431640625,1.801910400390625
2023-12-16 16:06:10.315469,/muse/gyro,0.964508056640625,-2.773895263671875,0.800018310546875
2023-12-16 16:06:10.382055,/muse/gyro,0.979461669921875,-2.788848876953125,-0.657958984375
2023-12-16 16:06:10.382055,/muse/gyro,0.538330078125,-2.818756103515625,0.07476806640625
2023-12-16 16:06:10.382055,/muse/gyro,2.07855224609375,-2.190704345703125,-0.3289794921875
2023-12-16 16:06:10.443581,/muse/gyro,4.074859619140625,-1.7645263671875,0.800018310546875
2023-12-16 16:06:10.443581,/muse/gyro,5.390777587890625,-1.435546875,2.340240478515625
2023-12-16 16:06:10.443581,/muse/gyro,6.003875732421875,-1.398162841796875,3.566436767578125
2023-12-16 16:06:10.486388,/muse/gyro,5.450592041015625,-1.562652587890625,4.403839111328125
2023-12-16 16:06:10.486388,/muse/gyro,4.306640625,-2.07855224609375,4.9346923828125
2023-12-16 16:06:10.486388,/muse/gyro,3.0804443359375,-2.28790283203125,4.90478515625
2023-12-16 16:06:10.549394,/muse/gyro,2.28790283203125,-2.355194091796875,4.59075927734375
2023-12-16 16:06:10.549394,/muse/gyro,2.026214599609375,-2.295379638671875,4.493560791015625
2023-12-16 16:06:10.549394,/muse/gyro,2.0635986328125,-2.10845947265625,4.164581298828125
2023-12-16 16:06:10.594941,/muse/gyro,2.594451904296875,-1.42059326171875,3.805694580078125
2023-12-16 16:06:10.595941,/muse/gyro,4.127197265625,-1.158905029296875,2.5421142578125
2023-12-16 16:06:10.595941,/muse/gyro,3.357086181640625,-1.054229736328125,3.252410888671875
2023-12-16 16:06:10.658507,/muse/gyro,5.084228515625,-1.024322509765625,2.474822998046875
2023-12-16 16:06:10.658507,/muse/gyro,5.256195068359375,-0.515899658203125,2.7813720703125
2023-12-16 16:06:10.658507,/muse/gyro,4.5758056640625,-0.07476806640625,3.45428466796875
2023-12-16 16:06:10.723651,/muse/gyro,3.551483154296875,-0.500946044921875,5.60760498046875
2023-12-16 16:06:10.723651,/muse/gyro,3.81317138671875,0.351409912109375,4.239349365234375
2023-12-16 16:06:10.723651,/muse/gyro,3.386993408203125,-0.04486083984375,4.867401123046875
2023-12-16 16:06:10.764464,/muse/gyro,4.104766845703125,0.097198486328125,7.828216552734375
2023-12-16 16:06:10.764464,/muse/gyro,3.94775390625,-0.530853271484375,6.759033203125
2023-12-16 16:06:10.764464,/muse/gyro,4.239349365234375,0.7476806640625,8.47869873046875
2023-12-16 16:06:10.858446,/muse/gyro,4.329071044921875,1.65985107421875,8.919830322265625
2023-12-16 16:06:10.858446,/muse/gyro,4.867401123046875,1.48040771484375,8.501129150390625
2023-12-16 16:06:10.858446,/muse/gyro,5.031890869140625,0.814971923828125,7.693634033203125
2023-12-16 16:06:10.894880,/muse/gyro,4.97955322265625,0.725250244140625,6.92352294921875
2023-12-16 16:06:10.894880,/muse/gyro,5.21881103515625,1.039276123046875,6.4599609375
2023-12-16 16:06:10.894880,/muse/gyro,5.4730224609375,1.42059326171875,6.83380126953125
2023-12-16 16:06:10.957247,/muse/gyro,5.2337646484375,1.547698974609375,7.409515380859375
2023-12-16 16:06:10.958247,/muse/gyro,5.09918212890625,1.1065673828125,7.61138916015625
2023-12-16 16:06:10.958247,/muse/gyro,5.562744140625,1.4654541015625,6.975860595703125
2023-12-16 16:06:11.020881,/muse/gyro,5.031890869140625,1.024322509765625,7.65625
2023-12-16 16:06:11.020881,/muse/gyro,5.600128173828125,1.682281494140625,8.037567138671875
2023-12-16 16:06:11.021888,/muse/gyro,5.7720947265625,1.92901611328125,8.11981201171875
2023-12-16 16:06:11.069008,/muse/gyro,5.211334228515625,2.071075439453125,7.947845458984375
2023-12-16 16:06:11.069008,/muse/gyro,5.33843994140625,2.444915771484375,7.5067138671875
2023-12-16 16:06:11.071009,/muse/gyro,4.792633056640625,2.400054931640625,7.596435546875
2023-12-16 16:06:11.129985,/muse/gyro,4.583282470703125,2.99072265625,6.041259765625
2023-12-16 16:06:11.130987,/muse/gyro,5.316009521484375,2.743988037109375,7.0281982421875
2023-12-16 16:06:11.130987,/muse/gyro,3.529052734375,2.85614013671875,4.867401123046875
2023-12-16 16:06:11.191686,/muse/gyro,2.55706787109375,2.160797119140625,3.94775390625
2023-12-16 16:06:11.191686,/muse/gyro,1.547698974609375,1.472930908203125,2.923431396484375
2023-12-16 16:06:11.192822,/muse/gyro,0.590667724609375,1.57012939453125,2.13836669921875
2023-12-16 16:06:11.253310,/muse/gyro,0.59814453125,1.9439697265625,2.0037841796875
2023-12-16 16:06:11.253988,/muse/gyro,0.8074951171875,2.19818115234375,2.1533203125
2023-12-16 16:06:11.253988,/muse/gyro,1.33087158203125,2.190704345703125,2.160797119140625
2023-12-16 16:06:11.301971,/muse/gyro,2.093505859375,2.0635986328125,2.310333251953125
2023-12-16 16:06:11.302976,/muse/gyro,3.237457275390625,1.8841552734375,2.549591064453125
2023-12-16 16:06:11.302976,/muse/gyro,2.31781005859375,2.19818115234375,2.43743896484375
2023-12-16 16:06:11.363111,/muse/gyro,4.000091552734375,1.5252685546875,2.79632568359375
2023-12-16 16:06:11.363111,/muse/gyro,4.44122314453125,1.487884521484375,2.609405517578125
2023-12-16 16:06:11.363111,/muse/gyro,4.50103759765625,1.45050048828125,2.160797119140625
2023-12-16 16:06:11.427160,/muse/gyro,4.007568359375,0.58319091796875,1.45050048828125
2023-12-16 16:06:11.427160,/muse/gyro,3.8580322265625,0.22430419921875,1.45050048828125
2023-12-16 16:06:11.428161,/muse/gyro,4.02252197265625,0.874786376953125,1.607513427734375
2023-12-16 16:06:11.469851,/muse/gyro,3.476715087890625,0.142059326171875,1.353302001953125
2023-12-16 16:06:11.470849,/muse/gyro,3.162689208984375,0.037384033203125,1.323394775390625
2023-12-16 16:06:11.470849,/muse/gyro,3.170166015625,-0.456085205078125,0.949554443359375
2023-12-16 16:06:11.581986,/muse/gyro,3.162689208984375,-0.37384033203125,0.85235595703125
2023-12-16 16:06:11.581986,/muse/gyro,3.476715087890625,0.276641845703125,1.15142822265625
2023-12-16 16:06:11.582992,/muse/gyro,3.910369873046875,1.1065673828125,1.562652587890625
2023-12-16 16:06:11.598911,/muse/gyro,3.955230712890625,1.861724853515625,1.906585693359375
2023-12-16 16:06:11.598911,/muse/gyro,4.209442138671875,2.28790283203125,2.370147705078125
2023-12-16 16:06:11.598911,/muse/gyro,3.985137939453125,2.28790283203125,2.220611572265625
2023-12-16 16:06:11.662903,/muse/gyro,3.970184326171875,2.325286865234375,2.280426025390625
2023-12-16 16:06:11.662903,/muse/gyro,3.60382080078125,2.474822998046875,2.429962158203125
2023-12-16 16:06:11.662903,/muse/gyro,3.4393310546875,2.4224853515625,2.370147705078125
2023-12-16 16:06:11.727093,/muse/gyro,3.536529541015625,2.40753173828125,2.370147705078125
2023-12-16 16:06:11.728092,/muse/gyro,2.878570556640625,1.876678466796875,2.22808837890625
2023-12-16 16:06:11.730090,/muse/gyro,2.743988037109375,0.919647216796875,2.0037841796875
2023-12-16 16:06:11.774605,/muse/gyro,2.908477783203125,-0.157012939453125,2.071075439453125
2023-12-16 16:06:11.774605,/muse/gyro,3.312225341796875,-0.635528564453125,2.49725341796875
2023-12-16 16:06:11.774605,/muse/gyro,3.09539794921875,-0.680389404296875,2.37762451171875
2023-12-16 16:06:11.851855,/muse/gyro,2.504730224609375,0.889739990234375,2.639312744140625
2023-12-16 16:06:11.851855,/muse/gyro,2.79632568359375,0.2093505859375,2.452392578125
2023-12-16 16:06:11.851855,/muse/gyro,2.400054931640625,1.2860107421875,3.102874755859375
2023-12-16 16:06:11.879449,/muse/gyro,2.429962158203125,1.682281494140625,3.45428466796875
2023-12-16 16:06:11.879449,/muse/gyro,2.504730224609375,2.011260986328125,3.745880126953125
2023-12-16 16:06:11.879449,/muse/gyro,1.55517578125,2.026214599609375,3.0804443359375
2023-12-16 16:06:11.938425,/muse/gyro,0.560760498046875,2.16827392578125,2.3028564453125
2023-12-16 16:06:11.939425,/muse/gyro,0.067291259765625,2.332763671875,1.532745361328125
2023-12-16 16:06:11.939425,/muse/gyro,0.64300537109375,2.0635986328125,1.06170654296875
2023-12-16 16:06:12.004591,/muse/gyro,1.21124267578125,1.727142333984375,0.5084228515625
2023-12-16 16:06:12.004591,/muse/gyro,0.755157470703125,1.9439697265625,0.59814453125
2023-12-16 16:06:12.004591,/muse/gyro,1.6448974609375,1.697235107421875,0.59814453125
2023-12-16 16:06:12.065924,/muse/gyro,2.22808837890625,1.517791748046875,0.934600830078125
2023-12-16 16:06:12.065924,/muse/gyro,1.77947998046875,1.5252685546875,1.054229736328125
2023-12-16 16:06:12.066924,/muse/gyro,1.876678466796875,1.652374267578125,0.800018310546875
2023-12-16 16:06:12.129051,/muse/gyro,1.443023681640625,2.041168212890625,1.03179931640625
2023-12-16 16:06:12.129051,/muse/gyro,1.57012939453125,1.68975830078125,0.76263427734375
2023-12-16 16:06:12.129051,/muse/gyro,1.435546875,1.9439697265625,0.91217041015625
2023-12-16 16:06:12.191717,/muse/gyro,1.637420654296875,1.607513427734375,0.770111083984375
2023-12-16 16:06:12.191717,/muse/gyro,1.92901611328125,1.936492919921875,0.800018310546875
2023-12-16 16:06:12.192808,/muse/gyro,1.95892333984375,1.772003173828125,0.9271240234375
2023-12-16 16:06:12.259845,/muse/gyro,1.936492919921875,1.57012939453125,0.9869384765625
2023-12-16 16:06:12.260845,/muse/gyro,1.5850830078125,1.15142822265625,1.27105712890625
2023-12-16 16:06:12.260845,/muse/gyro,1.65985107421875,1.36077880859375,1.1962890625
2023-12-16 16:06:12.306616,/muse/gyro,3.835601806640625,1.6448974609375,3.0804443359375
2023-12-16 16:06:12.306616,/muse/gyro,2.01873779296875,1.084136962890625,1.816864013671875
2023-12-16 16:06:12.306616,/muse/gyro,5.0244140625,2.85614013671875,3.641204833984375
2023-12-16 16:06:12.364907,/muse/gyro,5.106658935546875,4.433746337890625,2.4224853515625
2023-12-16 16:06:12.364907,/muse/gyro,3.566436767578125,6.3104248046875,-0.82244873046875
2023-12-16 16:06:12.364907,/muse/gyro,1.607513427734375,7.738494873046875,-4.5458984375
2023-12-16 16:06:12.431599,/muse/gyro,0.1495361328125,8.134765625,-6.945953369140625
2023-12-16 16:06:12.431599,/muse/gyro,0.10467529296875,5.749664306640625,-7.349700927734375
2023-12-16 16:06:12.431599,/muse/gyro,0.800018310546875,2.639312744140625,-5.405731201171875
2023-12-16 16:06:12.502996,/muse/gyro,1.83929443359375,0.635528564453125,-2.2430419921875
2023-12-16 16:06:12.502996,/muse/gyro,2.85614013671875,0.680389404296875,1.5252685546875
2023-12-16 16:06:12.502996,/muse/gyro,4.299163818359375,1.712188720703125,5.33843994140625
2023-12-16 16:06:12.519053,/muse/gyro,4.844970703125,2.743988037109375,8.396453857421875
2023-12-16 16:06:12.520052,/muse/gyro,5.106658935546875,2.88604736328125,10.295562744140625
2023-12-16 16:06:12.520052,/muse/gyro,5.480499267578125,3.24493408203125,11.043243408203125
2023-12-16 16:06:12.583742,/muse/gyro,6.003875732421875,3.087921142578125,9.174041748046875
2023-12-16 16:06:12.584744,/muse/gyro,6.2506103515625,3.46923828125,10.347900390625
2023-12-16 16:06:12.584744,/muse/gyro,5.921630859375,3.641204833984375,11.028289794921875
2023-12-16 16:06:12.644767,/muse/gyro,6.123504638671875,1.577606201171875,8.0450439453125
2023-12-16 16:06:12.644767,/muse/gyro,8.471221923828125,-0.10467529296875,8.4637451171875
2023-12-16 16:06:12.644767,/muse/gyro,10.998382568359375,-0.91217041015625,9.622650146484375
2023-12-16 16:06:12.713812,/muse/gyro,11.013336181640625,2.205657958984375,9.07684326171875
2023-12-16 16:06:12.714810,/muse/gyro,11.775970458984375,0.052337646484375,9.921722412109375
2023-12-16 16:06:12.714810,/muse/gyro,10.400238037109375,3.8580322265625,7.91046142578125
2023-12-16 16:06:12.772947,/muse/gyro,10.048828125,4.553375244140625,7.424468994140625
2023-12-16 16:06:12.772947,/muse/gyro,8.74786376953125,4.246826171875,6.77398681640625
2023-12-16 16:06:12.772947,/muse/gyro,9.510498046875,4.59075927734375,7.230072021484375
2023-12-16 16:06:12.822777,/muse/gyro,7.52166748046875,3.925323486328125,5.90667724609375
2023-12-16 16:06:12.822777,/muse/gyro,6.47491455078125,3.925323486328125,4.882354736328125
2023-12-16 16:06:12.822777,/muse/gyro,5.824432373046875,3.386993408203125,4.41131591796875
2023-12-16 16:06:12.882632,/muse/gyro,5.06927490234375,2.52716064453125,3.9776611328125
2023-12-16 16:06:12.882632,/muse/gyro,4.6356201171875,1.973876953125,3.84307861328125
2023-12-16 16:06:12.882632,/muse/gyro,3.970184326171875,1.495361328125,3.730926513671875
2023-12-16 16:06:12.968350,/muse/gyro,3.289794921875,1.069183349609375,3.8580322265625
2023-12-16 16:06:12.968350,/muse/gyro,2.130889892578125,1.772003173828125,2.1234130859375
2023-12-16 16:06:12.968350,/muse/gyro,2.67669677734375,1.256103515625,3.117828369140625
2023-12-16 16:06:12.993920,/muse/gyro,2.355194091796875,2.3626708984375,1.816864013671875
2023-12-16 16:06:12.993920,/muse/gyro,2.97576904296875,2.31781005859375,2.07855224609375
2023-12-16 16:06:12.994920,/muse/gyro,3.431854248046875,1.83929443359375,1.77947998046875
2023-12-16 16:06:13.052614,/muse/gyro,3.2598876953125,1.891632080078125,0.76263427734375
2023-12-16 16:06:13.052614,/muse/gyro,3.431854248046875,1.74957275390625,0.67291259765625
2023-12-16 16:06:13.052614,/muse/gyro,3.446807861328125,1.891632080078125,1.383209228515625
2023-12-16 16:06:13.135321,/muse/gyro,3.409423828125,1.712188720703125,0.411224365234375
2023-12-16 16:06:13.135321,/muse/gyro,2.70660400390625,1.517791748046875,-0.127105712890625
2023-12-16 16:06:13.136321,/muse/gyro,2.392578125,0.8673095703125,-0.538330078125
2023-12-16 16:06:13.187661,/muse/gyro,3.775787353515625,1.09161376953125,-0.082244873046875
2023-12-16 16:06:13.187661,/muse/gyro,2.848663330078125,0.5084228515625,-0.49346923828125
2023-12-16 16:06:13.187661,/muse/gyro,3.96270751953125,1.786956787109375,-0.2093505859375
2023-12-16 16:06:13.227024,/muse/gyro,4.643096923828125,1.637420654296875,-0.28411865234375
2023-12-16 16:06:13.228023,/muse/gyro,4.78515625,1.54022216796875,-0.0299072265625
2023-12-16 16:06:13.228023,/muse/gyro,4.239349365234375,2.03369140625,-0.186920166015625
2023-12-16 16:06:13.288967,/muse/gyro,4.85992431640625,1.816864013671875,-0.276641845703125
2023-12-16 16:06:13.288967,/muse/gyro,5.196380615234375,2.52716064453125,-0.485992431640625
2023-12-16 16:06:13.288967,/muse/gyro,5.72723388671875,2.76641845703125,-0.740203857421875
2023-12-16 16:06:13.373607,/muse/gyro,6.273040771484375,2.7215576171875,-1.009368896484375
2023-12-16 16:06:13.373607,/muse/gyro,6.751556396484375,2.504730224609375,-1.128997802734375
2023-12-16 16:06:13.374607,/muse/gyro,6.377716064453125,2.6318359375,-1.502838134765625
2023-12-16 16:06:13.421704,/muse/gyro,5.7122802734375,2.46734619140625,-1.742095947265625
2023-12-16 16:06:13.421704,/muse/gyro,5.256195068359375,2.504730224609375,-1.5850830078125
2023-12-16 16:06:13.421704,/muse/gyro,4.94964599609375,2.40753173828125,-1.55517578125
